t,ch2_us,ch3_us,aux1,rpm_FR,rpm_FL,rpm_RR,rpm_RL,err_FR,err_FL,err_RR,err_RL,amp_FR,amp_FL,amp_RR,amp_RL,volt_FR,volt_FL,volt_RR,volt_RL,temp_FR,temp_FL,temp_RR,temp_RL,odom_x,odom_y,odom_vx,vlp_x,vlp_y,vlp_vx,vlp_vy,vlp_xy_valid,vlp_vxy_valid,imu_ax,imu_ay,imu_az
0.20,,,,,,,,,,,,,,,,,,,,,,,,180.0943,44.5747,0.0000,,,,,,,,,
0.40,,,,,,,,,,,,,,,,,,,,,,,,180.0943,44.5747,0.0000,,,,,,,,,
0.60,,,,,,,,,,,,,,,,,,,,,,,,180.0943,44.5747,0.0000,,,,,,,,,
0.80,1500,1001,,0,0,0,0,0,0,0,0,0.196,-0.553,0.052,0.131,24.797,24.688,24.625,24.734,43.850,42.350,45.850,44.850,180.0943,44.5747,0.0000,34875.9922,1384.9142,-0.7979,-0.1478,0,0,0.02533643,-0.7850134,-9.817082
1.00,1500,1001,-1.0000,0,0,0,0,0,0,0,0,-0.221,-0.388,-0.010,0.176,24.812,24.719,24.625,24.734,43.850,42.350,45.850,44.850,180.0943,44.5747,0.0000,34875.6055,1384.8749,-0.8333,-0.1480,0,0,0.030806853,-0.77411264,-9.77298
1.20,1500,1001,-1.0000,0,0,0,0,0,0,0,0,0.109,0.347,-0.057,0.070,24.812,24.688,24.625,24.734,43.850,42.350,45.850,44.850,180.0943,44.5747,0.0000,34875.2148,1384.8287,-0.8664,-0.1491,0,0,0.022117913,-0.79475147,-9.764347
1.40,1500,1001,-1.0000,0,0,0,0,0,0,0,0,0.031,0.144,0.044,-0.230,24.812,24.703,24.625,24.750,43.850,42.350,45.850,44.850,180.0943,44.5747,0.0000,34874.8164,1384.7850,-0.9012,-0.1495,0,0,0.027419219,-0.79436684,-9.813038
1.60,1500,1001,-1.0000,0,0,0,0,0,0,0,0,-0.090,0.131,-0.125,-0.252,24.812,24.766,24.625,24.750,43.850,42.350,45.850,44.850,180.0943,44.5747,0.0000,34874.3906,1384.7616,-0.9381,-0.1470,0,0,0.031019991,-0.8289415,-9.819406
1.80,1500,1001,-1.0000,0,0,0,0,0,0,0,0,0.107,-0.036,-0.031,-0.290,24.812,24.688,24.625,24.750,43.850,42.350,45.850,44.850,180.0943,44.5747,0.0000,34873.9727,1384.7543,-0.9724,-0.1423,0,0,0.044320393,-0.8092042,-9.831115
2.00,1500,1001,-1.0000,0,0,0,0,0,0,0,0,-0.258,-0.928,-0.017,0.010,24.812,24.734,24.625,24.750,43.850,42.350,45.850,44.850,180.0943,44.5747,0.0000,34873.5586,1384.7458,-1.0042,-0.1377,0,0,0.009687682,-0.8122928,-9.786359
2.20,1500,1001,-1.0000,0,0,0,0,0,0,0,0,0.134,0.824,-0.028,-0.319,24.812,24.734,24.625,24.750,43.850,42.350,45.850,44.850,180.0943,44.5747,0.0000,34873.1836,1384.7247,-1.0291,-0.1354,0,0,0.059303395,-0.77955157,-9.813249
2.40,1500,1001,-1.0000,0,0,0,0,0,0,0,0,-0.038,0.520,-0.022,0.241,24.812,24.672,24.625,24.750,43.850,42.350,45.850,44.850,180.0943,44.5747,0.0000,34872.8242,1384.7208,-1.0492,-0.1298,0,0,0.02104795,-0.8138634,-9.789209
2.60,1500,1001,-1.0000,0,0,0,0,0,0,0,0,-0.099,-0.579,-0.064,0.079,24.828,24.719,24.625,24.750,43.850,42.350,45.850,44.850,180.0943,44.5747,0.0000,34872.4453,1384.7211,-1.0728,-0.1241,0,0,0.05075998,-0.81188285,-9.820101
2.80,1547,1001,-1.0000,67,54,77,68,0,0,0,0,2.096,0.232,1.773,0.608,24.797,24.688,24.594,24.734,43.850,42.100,45.850,44.850,180.0959,44.5696,0.2593,34872.0820,1384.7111,-1.0894,-0.1189,0,0,-0.15773384,-1.055644,-8.966422
3.00,1673,1001,-1.0000,363,338,327,362,0,0,0,0,1.377,3.723,3.951,2.381,24.672,24.453,24.406,24.562,43.600,42.350,45.600,44.850,180.1414,44.4282,1.3552,34871.6875,1384.6737,-1.1310,-0.1153,0,0,0.7043861,-0.8603611,-10.008749
3.20,1834,1001,-1.0000,798,786,775,790,0,0,0,0,0.629,1.768,0.975,1.094,24.750,24.594,24.531,24.625,43.850,42.350,45.600,44.850,180.2814,43.9931,3.0703,34871.2383,1384.6234,-1.1392,-0.1141,0,0,1.1889083,-0.7751648,-10.431876
3.40,1967,1001,-1.0000,1046,1085,1064,1099,0,0,0,0,4.270,3.188,4.836,2.391,24.422,24.406,24.234,24.438,43.850,42.350,45.600,44.850,180.4990,43.3169,4.1867,34870.7031,1384.4902,-1.2021,-0.1257,0,0,0.90629494,-0.32442534,-9.259858
3.60,2000,1001,-1.0000,1234,1242,1242,1238,0,0,0,0,1.257,0.862,0.659,0.886,24.688,24.688,24.562,24.609,43.850,42.350,45.600,44.850,180.7847,42.4295,4.8321,34870.0586,1384.2842,-1.2567,-0.1402,0,0,0.6734901,-0.9972162,-9.281651
3.80,2000,1001,-1.0000,1244,1240,1245,1245,0,0,0,0,1.862,1.526,1.447,1.293,24.719,24.578,24.531,24.625,43.850,42.350,45.850,44.850,181.0790,41.5158,4.8497,34869.3711,1384.0160,-1.3186,-0.1735,0,0,-0.24312249,-0.7277696,-9.909982
4.00,2000,1001,-1.0000,1242,1244,1245,1246,0,0,0,0,1.159,1.285,1.471,1.097,24.703,24.594,24.500,24.641,43.850,42.100,45.600,44.850,181.3686,40.6165,4.8526,34868.6719,1383.7448,-1.3850,-0.2042,0,0,0.084077656,-0.57386065,-9.899445
4.20,2000,1001,-1.0000,1244,1241,1244,1245,0,0,0,0,1.781,1.254,1.369,1.501,24.688,24.625,24.500,24.641,43.600,42.350,45.850,44.850,181.6719,39.6748,4.8496,34867.9531,1383.4935,-1.4482,-0.2277,0,0,0.16357662,-0.7074589,-9.785009
4.40,2000,1001,-1.0000,1241,1249,1244,1248,0,0,0,0,2.021,0.892,1.104,1.357,24.719,24.625,24.531,24.641,43.850,42.350,45.850,44.850,181.9668,38.7595,4.8575,34867.2969,1383.2975,-1.5054,-0.2399,0,0,0.13557464,-0.7090025,-9.763165
4.60,1944,1001,-1.0000,1121,1104,1110,1120,0,0,0,0,1.026,1.623,1.502,0.476,24.766,24.609,24.531,24.734,43.600,42.350,45.600,44.850,182.2590,37.8529,4.3436,34866.5703,1383.0731,-1.5698,-0.2527,0,0,-0.35254902,-0.74828184,-9.55198
4.80,1920,1001,-1.0000,1067,1073,1068,1072,0,0,0,0,-0.413,-0.718,-0.217,-1.568,24.859,24.688,24.625,24.750,43.850,42.350,45.600,44.850,182.5127,37.0655,4.1730,34865.9453,1382.8960,-1.6082,-0.2669,0,0,-0.3659092,-1.0389869,-9.539435
5.00,1883,1001,-1.0000,978,985,973,981,0,0,0,0,1.145,1.159,0.488,0.934,24.719,24.703,24.531,24.672,43.850,42.350,45.850,44.850,182.7615,36.2933,3.8191,34865.2969,1382.7317,-1.6650,-0.2770,0,0,0.0018331262,-0.70659184,-10.141752
5.20,1769,1001,-1.0000,741,748,727,746,0,0,0,0,-0.675,0.622,-1.376,-0.801,24.828,24.672,24.656,24.750,43.850,42.350,45.850,44.850,182.9754,35.6300,2.8879,34864.6836,1382.5872,-1.7134,-0.2837,0,0,0.27480417,-0.7719884,-9.533138
5.40,1589,1001,-1.0000,286,289,205,291,0,0,0,0,-1.071,-0.493,0.776,-1.025,24.672,24.453,24.594,24.438,43.850,42.350,45.600,44.850,183.1000,35.2436,1.0442,34864.1758,1382.4910,-1.7376,-0.2804,0,0,0.4449097,-1.2566986,-10.809255
5.60,1500,1001,-1.0000,0,-1,1,9,0,0,0,0,0.161,0.525,-0.093,0.127,24.812,24.672,24.625,24.734,43.850,42.350,45.600,44.850,183.1221,35.1750,0.0088,34863.6719,1382.4288,-1.7581,-0.2743,0,0,-0.49157915,-0.6608421,-9.4766
5.80,1500,1001,-1.0000,0,0,0,0,0,0,0,0,0.095,0.139,-0.082,-0.111,24.812,24.750,24.625,24.734,43.850,42.350,45.850,44.850,183.1221,35.1749,0.0000,34863.0156,1382.2340,-1.7949,-0.2921,0,0,-0.06943005,-0.6499117,-9.866957
6.00,1500,1001,-1.0000,0,0,0,0,0,0,0,0,-0.150,0.397,0.047,-0.198,24.812,24.719,24.625,24.750,43.600,42.350,45.850,44.850,183.1221,35.1749,0.0000,34862.4062,1382.0288,-1.8362,-0.3154,0,0,0.054735772,-0.7236301,-9.789136
6.20,1045,1001,-1.0000,-311,-348,-330,-297,0,0,0,0,2.352,1.670,1.678,2.172,24.703,24.594,24.516,24.641,43.600,42.350,45.850,44.850,183.1014,35.2389,-1.2538,34861.7773,1381.8207,-1.8887,-0.3297,0,0,0.17369758,-0.639659,-10.113791
6.40,1001,1001,-1.0000,-893,-865,-842,-882,0,0,0,0,3.377,2.334,2.756,2.363,24.547,24.438,24.391,24.484,43.600,42.350,45.600,44.850,182.9578,35.6837,-3.3949,34861.1445,1381.6027,-1.9098,-0.3464,0,0,-0.014438664,-0.5731102,-9.855026
6.60,1001,1001,-1.0000,-1245,-1249,-1260,-1251,0,0,0,0,1.603,1.065,0.464,1.347,24.734,24.734,24.609,24.672,43.850,42.350,45.850,44.850,182.6837,36.5325,-4.8799,34860.3516,1381.2777,-1.9781,-0.3696,0,0,0.5435356,-0.84713113,-9.31928
6.80,1001,1001,-1.0000,-1238,-1240,-1242,-1244,0,0,0,0,1.496,1.317,1.636,0.959,24.703,24.578,24.516,24.656,43.600,42.350,45.600,44.850,182.3902,37.4413,-4.8399,34859.4141,1380.8453,-2.0503,-0.4131,0,0,-0.19381765,-0.9478483,-9.905663
7.00,1001,1001,-1.0000,-1241,-1244,-1241,-1244,0,0,0,0,1.687,1.409,1.162,1.159,24.719,24.578,24.531,24.656,43.850,42.350,45.850,44.850,182.0910,38.3680,-4.8457,34858.5430,1380.4911,-2.1223,-0.4463,0,0,-0.09488311,-0.6894864,-9.76409
7.20,1001,1001,-1.0000,-1240,-1242,-1245,-1245,0,0,0,0,1.595,1.466,1.326,1.435,24.719,24.641,24.531,24.641,43.600,42.350,45.850,44.850,181.8007,39.2671,-4.8477,34857.7422,1380.1923,-2.1782,-0.4708,0,0,0.00045282932,-0.7451016,-9.899099
7.40,1001,1001,-1.0000,-1244,-1243,-1243,-1244,0,0,0,0,1.355,1.230,1.255,1.655,24.734,24.609,24.531,24.656,43.600,42.350,45.850,44.850,181.4967,40.2085,-4.8496,34856.9805,1379.9308,-2.2272,-0.4868,0,0,0.10567597,-0.6848383,-9.907503
7.60,1001,1001,-1.0000,-1244,-1245,-1246,-1246,0,0,0,0,2.023,1.820,1.324,1.494,24.688,24.578,24.516,24.641,44.100,42.350,45.600,44.850,181.1967,41.1373,-4.8565,34856.2227,1379.6882,-2.2733,-0.4980,0,0,0.05101785,-0.66445506,-9.819847
7.80,1500,1001,-1.0000,-786,-786,-797,-761,0,0,0,0,-0.791,-1.185,-0.823,-1.110,24.844,24.750,24.656,24.781,43.850,42.100,45.850,44.850,180.9563,41.8825,-3.1590,34855.4922,1379.4670,-2.3147,-0.5132,0,0,-0.22309215,-0.60394037,-9.908057
8.00,1500,1001,-1.0000,-98,-264,-71,-180,0,0,0,0,7.664,1.300,6.285,3.941,24.266,24.391,23.766,24.266,43.600,42.350,45.600,44.850,180.8348,42.2589,-0.5977,34854.8516,1379.2593,-2.2911,-0.5163,0,0,-5.300058,-2.5751927,-11.228715
8.20,1500,1001,-1.0000,28,0,18,0,0,0,0,0,0.070,0.493,-0.029,-0.206,24.797,24.688,24.625,24.750,43.850,42.350,45.600,44.850,180.8247,42.2903,0.0449,34854.2852,1379.1436,-2.3551,-0.5133,0,0,-0.2229631,-0.803767,-10.29274
8.40,1500,1001,-1.0000,0,0,0,0,0,0,0,0,-0.200,0.499,-0.064,0.228,24.812,24.703,24.625,24.750,43.850,42.350,45.600,44.850,180.8246,42.2905,0.0000,34853.5664,1378.9302,-2.3934,-0.5252,0,0,0.15697658,-0.8070951,-9.767807
8.60,1500,1001,-1.0000,0,0,0,0,0,0,0,0,-0.121,0.161,-0.102,0.179,24.812,24.734,24.625,24.734,43.850,42.350,45.850,44.850,180.8246,42.2905,0.0000,34852.8711,1378.7307,-2.4264,-0.5363,0,0,0.16186474,-0.78628135,-9.644255
8.80,1500,1001,-1.0000,0,0,0,0,0,0,0,0,-0.119,-0.742,-0.026,-0.289,24.812,24.750,24.625,24.750,43.850,42.350,45.850,44.850,180.8246,42.2905,0.0000,34852.2344,1378.5718,-2.4464,-0.5407,0,0,0.027142355,-0.85193443,-9.893581
9.00,1641,1001,-1.0000,87,115,78,86,0,0,0,0,4.898,3.516,4.262,4.184,24.641,24.594,24.469,24.562,43.850,42.350,45.850,44.850,180.8273,42.2823,0.3569,34851.6055,1378.4386,-2.4778,-0.5392,0,0,1.3103521,-0.8648065,-9.487711
9.20,1902,1001,-1.0000,701,724,688,686,0,0,0,0,2.854,2.520,2.709,2.418,24.594,24.453,24.406,24.516,43.600,42.350,45.600,44.850,180.9319,41.9575,2.7290,34850.9336,1378.3104,-2.4856,-0.5385,0,0,0.022569614,-0.5913785,-9.922293
9.40,2000,1001,-1.0000,1247,1221,1246,1250,0,0,0,0,0.364,1.429,-0.898,-1.354,24.891,24.609,24.688,24.734,43.850,42.600,45.850,44.850,181.1636,41.2381,4.8399,34850.1133,1378.1405,-2.5160,-0.5525,0,0,0.94539773,-0.83400494,-9.606237
9.60,2000,1001,-1.0000,1239,1006,1240,1014,0,0,0,0,1.471,2.684,1.865,2.012,24.625,24.500,24.484,24.609,43.850,42.350,45.600,44.850,181.4529,40.3407,4.3924,34849.0859,1377.8302,-2.6139,-0.5689,0,0,-0.014310457,-1.046956,-9.531923
9.80,2000,1001,-1.0000,1239,1255,1241,1259,0,0,0,0,1.356,0.377,1.349,0.531,24.766,24.656,24.594,24.688,43.850,42.350,45.850,44.850,181.7317,39.4760,4.8692,34848.1680,1377.6154,-2.6774,-0.5777,0,0,-0.13658714,-0.9111366,-9.979682
10.00,2000,1001,-1.0000,1240,1239,1241,1244,0,0,0,0,1.890,1.061,1.373,1.498,24.688,24.656,24.531,24.641,43.600,42.350,45.600,44.850,182.0344,38.5369,4.8399,34847.1602,1377.4359,-2.7479,-0.5806,0,0,0.11999939,-0.7326351,-9.811563
10.20,2000,1001,-1.0000,1241,1250,1243,1246,0,0,0,0,0.708,1.049,1.566,0.604,24.719,24.656,24.516,24.641,43.850,42.350,45.850,44.850,182.3469,37.5676,4.8555,34846.1719,1377.2388,-2.8128,-0.5844,0,0,-0.010193167,-0.75348026,-9.954424
10.40,1856,1001,-1.0000,1055,1005,1027,1049,0,0,0,0,-1.186,-0.536,-1.029,-1.327,24.891,24.750,24.688,24.828,43.850,42.600,45.850,44.850,182.6181,36.7267,4.0326,34845.1953,1377.0065,-2.8854,-0.5941,0,0,-0.3249138,-0.7466089,-10.009276
10.60,1657,1001,-1.0000,522,528,493,504,0,0,0,0,-1.771,-1.213,-1.746,-1.731,24.844,24.797,24.656,24.766,43.850,42.350,45.850,44.850,182.7944,36.1803,1.9958,34844.2734,1376.8004,-2.9222,-0.6024,0,0,0.009674208,-0.8150331,-10.01202
10.80,1557,1001,-1.0000,178,181,178,196,0,0,0,0,0.244,-0.101,-0.326,-2.916,24.781,24.766,24.625,24.750,43.850,42.350,45.850,44.850,182.8652,35.9607,0.7859,34843.4883,1376.7101,-2.9309,-0.5954,0,0,1.1184036,-0.839049,-10.36993
11.00,1500,1001,-1.0000,0,0,0,0,0,0,0,0,0.169,0.278,-0.126,-0.051,24.812,24.688,24.625,24.750,43.850,42.350,45.850,44.850,182.8770,35.9243,0.0000,34842.7773,1376.6234,-2.9756,-0.5752,0,0,0.08514921,-1.1032172,-9.299689
11.20,1500,1001,-1.0000,0,0,0,0,0,0,0,0,0.040,0.056,0.040,0.021,24.812,24.734,24.625,24.734,43.850,42.350,45.600,44.850,182.8770,35.9243,0.0000,34841.8281,1376.4404,-3.0285,-0.5797,0,0,0.036355484,-0.7196417,-9.827591
11.40,1500,1001,-1.0000,0,0,0,0,0,0,0,0,0.165,0.433,0.034,-0.019,24.797,24.688,24.625,24.734,43.850,42.350,45.850,44.850,182.8770,35.9243,0.0000,34840.8477,1376.3330,-3.0795,-0.5792,0,0,-0.050412264,-0.66889524,-9.810102
11.60,1500,1001,-1.0000,0,0,0,0,0,0,0,0,-0.193,0.348,-0.072,0.140,24.812,24.672,24.625,24.734,43.600,42.350,45.850,44.850,182.8770,35.9243,0.0000,34839.9609,1376.2843,-3.1194,-0.5706,0,0,-0.00050691277,-0.7486253,-9.8483095
11.80,1500,1001,-1.0000,0,0,0,0,0,0,0,0,0.147,-0.088,0.056,0.172,24.812,24.750,24.625,24.734,43.850,42.350,45.850,44.850,182.8770,35.9243,0.0000,34839.0820,1376.2776,-3.1574,-0.5547,0,0,0.07698707,-0.7424084,-9.729232
12.00,1500,1001,-1.0000,0,0,0,0,0,0,0,0,0.067,-0.140,-0.061,0.191,24.812,24.734,24.625,24.734,43.850,42.100,45.850,44.850,182.8770,35.9243,0.0000,34838.2109,1376.2778,-3.1925,-0.5366,0,0,0.04311953,-0.8834903,-9.819976
12.20,1500,1001,-1.0000,0,0,0,0,0,0,0,0,0.199,0.374,-0.039,-0.321,24.812,24.688,24.625,24.750,43.850,42.100,45.850,44.850,182.8770,35.9243,0.0000,34837.3398,1376.2926,-3.2251,-0.5162,0,0,0.009362366,-0.84807724,-9.861762
12.40,1500,1001,-1.0000,0,0,0,0,0,0,0,0,0.161,0.332,-0.068,0.164,24.797,24.672,24.625,24.734,43.850,42.350,45.850,44.850,182.8770,35.9243,0.0000,34836.5000,1376.3566,-3.2532,-0.4912,0,0,0.02687755,-0.80598116,-9.769659
12.60,1500,1001,-1.0000,0,0,0,0,0,0,0,0,-0.204,-0.448,-0.065,0.063,24.812,24.688,24.625,24.750,43.850,42.350,45.850,44.850,182.8770,35.9243,0.0000,34835.6875,1376.4465,-3.2775,-0.4645,0,0,0.014213045,-0.8064515,-9.785399
12.80,1500,1001,-1.0000,0,0,0,0,0,0,0,0,-0.116,-0.675,0.032,0.016,24.797,24.766,24.625,24.734,43.600,42.350,45.850,44.850,182.8770,35.9243,0.0000,34834.8867,1376.5306,-3.2985,-0.4409,0,0,0.049485847,-0.7478055,-9.817472
13.00,1500,1001,-1.0000,0,0,0,0,0,0,0,0,0.172,0.415,-0.033,0.225,24.812,24.688,24.625,24.734,43.850,42.100,45.850,44.850,182.8770,35.9243,0.0000,34834.0586,1376.5797,-3.3233,-0.4233,0,0,0.025786998,-0.7800041,-9.8148
13.20,1500,1001,-1.0000,0,0,0,0,0,0,0,0,0.109,-0.071,-0.035,0.008,24.812,24.766,24.625,24.734,43.850,42.350,45.850,44.850,182.8770,35.9243,0.0000,34833.2031,1376.5986,-3.3520,-0.4083,0,0,0.0425995,-0.77613217,-9.776303
13.40,1500,1001,-1.0000,0,0,0,0,0,0,0,0,0.026,0.315,-0.039,-0.269,24.812,24.703,24.625,24.750,43.850,42.100,45.850,44.850,182.8770,35.9243,0.0000,34832.3008,1376.6188,-3.3871,-0.3926,0,0,0.049676634,-0.79656595,-9.779433
13.60,1500,1001,-1.0000,0,0,0,0,0,0,0,0,-0.293,-0.361,-0.018,-0.041,24.812,24.750,24.625,24.750,43.850,42.350,45.850,44.850,182.8770,35.9243,0.0000,34831.4141,1376.6355,-3.4184,-0.3763,0,0,0.027079782,-0.8410497,-9.809822
13.80,1500,1001,-1.0000,0,0,0,0,0,0,0,0,-0.131,0.463,0.013,-0.123,24.812,24.672,24.625,24.750,43.850,42.350,45.850,44.850,182.8770,35.9243,0.0000,34830.5430,1376.6559,-3.4469,-0.3615,0,0,0.05624105,-0.830679,-9.79878
14.00,1500,1001,-1.0000,0,0,0,0,0,0,0,0,0.172,-0.158,0.051,0.193,24.812,24.750,24.625,24.750,43.850,42.350,45.850,44.850,182.8770,35.9243,0.0000,34829.6484,1376.6875,-3.4776,-0.3448,0,0,-0.018015843,-0.79608876,-9.75579
14.20,1500,1001,-1.0000,0,0,0,0,0,0,0,0,-0.127,-0.951,-0.121,0.168,24.812,24.766,24.625,24.750,43.850,42.350,45.850,44.850,182.8770,35.9243,0.0000,34828.7734,1376.7322,-3.5046,-0.3277,0,0,0.040340863,-0.7894148,-9.802931
14.40,1500,1001,-1.0000,0,0,0,0,0,0,0,0,0.237,0.344,-0.075,0.119,24.812,24.688,24.625,24.750,43.850,42.350,45.850,44.850,182.8770,35.9243,0.0000,34827.9297,1376.7852,-3.5270,-0.3094,0,0,0.043549705,-0.7992617,-9.817589
14.60,1500,1001,-1.0000,0,0,0,0,0,0,0,0,0.037,0.564,-0.020,0.217,24.812,24.672,24.625,24.734,43.850,42.350,45.850,44.850,182.8770,35.9243,0.0000,34827.0977,1376.8153,-3.5457,-0.2952,0,0,0.050208542,-0.7846927,-9.796761
14.80,1500,1001,-1.0000,0,0,0,0,0,0,0,0,0.196,-0.199,0.047,-0.281,24.812,24.734,24.625,24.750,43.850,42.350,45.850,44.850,182.8770,35.9243,0.0000,34826.2500,1376.8704,-3.5673,-0.2761,0,0,0.031115225,-0.7885269,-9.81003
15.00,1500,1001,-1.0000,0,0,0,0,0,0,0,0,-0.013,-0.675,-0.015,0.018,24.812,24.734,24.625,24.750,43.600,42.350,45.850,44.850,182.8770,35.9243,0.0000,34825.4062,1376.9805,-3.5879,-0.2495,0,0,0.044439487,-0.8246174,-9.77495
15.20,1500,1001,-1.0000,0,0,0,0,0,0,0,0,-0.088,-0.372,-0.078,0.217,24.812,24.703,24.625,24.750,43.600,42.350,45.600,44.850,182.8770,35.9243,0.0000,34824.5352,1377.0918,-3.6119,-0.2247,0,0,0.04588048,-0.7876197,-9.80514
15.40,1500,1001,-1.0000,0,0,0,0,0,0,0,0,0.197,-0.190,0.015,0.204,24.812,24.719,24.625,24.750,43.850,42.350,45.850,44.850,182.8770,35.9243,0.0000,34823.6367,1377.1897,-3.6383,-0.2018,0,0,0.026216986,-0.79078364,-9.802444
15.60,1500,1001,-1.0000,0,0,0,0,0,0,0,0,-0.059,-0.349,0.004,0.197,24.812,24.734,24.625,24.734,43.850,42.350,45.850,44.850,182.8770,35.9243,0.0000,34822.7422,1377.2788,-3.6629,-0.1815,0,0,-0.0011736283,-0.7788815,-9.801552
15.80,1500,1001,-1.0000,0,0,0,0,0,0,0,0,0.169,0.507,-0.051,-0.187,24.812,24.672,24.625,24.750,43.850,42.350,45.850,44.850,182.8770,35.9243,0.0000,34821.8555,1377.3767,-3.6854,-0.1606,0,0,0.028662223,-0.7710187,-9.809519
16.00,1500,1001,-1.0000,0,0,0,0,0,0,0,0,0.049,-0.672,0.028,-0.063,24.812,24.750,24.625,24.750,43.850,42.350,45.850,44.850,182.8770,35.9243,0.0000,34820.9688,1377.4818,-3.7089,-0.1387,0,0,0.034451846,-0.80510604,-9.79082
16.20,1500,1001,-1.0000,0,0,0,0,0,0,0,0,0.120,0.356,0.020,0.100,24.812,24.688,24.625,24.734,43.850,42.350,45.850,44.850,182.8770,35.9243,0.0000,34820.0898,1377.5858,-3.7298,-0.1184,0,0,0.017129337,-0.81523144,-9.80525
16.40,1500,1001,-1.0000,0,0,0,0,0,0,0,0,-0.013,-0.392,-0.083,-0.197,24.812,24.734,24.625,24.750,43.850,42.350,45.850,44.850,182.8770,35.9243,0.0000,34819.1797,1377.7159,-3.7568,-0.0951,0,0,0.024665251,-0.8291513,-9.808183
16.60,1500,1001,-1.0000,0,0,0,0,0,0,0,0,-0.031,-0.079,-0.027,0.128,24.812,24.750,24.625,24.750,43.850,42.350,45.850,44.850,182.8770,35.9243,0.0000,34818.2344,1377.8785,-3.7884,-0.0679,0,0,0.044307005,-0.8419492,-9.811756
16.80,1500,1001,-1.0000,0,0,0,0,0,0,0,0,0.174,-0.168,0.021,0.045,24.812,24.703,24.625,24.734,43.850,42.350,45.850,44.850,182.8770,35.9243,0.0000,34817.3008,1378.0504,-3.8152,-0.0391,0,0,0.041324332,-0.82597184,-9.780683
17.00,1500,1001,-1.0000,0,0,0,0,0,0,0,0,-0.026,-0.169,-0.119,0.175,24.797,24.750,24.625,24.750,43.850,42.350,45.850,44.850,182.8770,35.9243,0.0000,34816.3398,1378.2294,-3.8454,-0.0119,0,0,0.027997926,-0.78603077,-9.789488
17.20,1500,1001,-1.0000,0,0,0,0,0,0,0,0,0.100,0.334,-0.081,-0.192,24.812,24.719,24.625,24.750,43.850,42.350,45.850,44.850,182.8770,35.9243,0.0000,34815.4141,1378.4152,-3.8700,0.0148,0,0,0.060476072,-0.81499535,-9.798643
17.40,1500,1001,-1.0000,0,0,0,0,0,0,0,0,-0.020,0.458,-0.046,-0.314,24.812,24.672,24.625,24.750,43.600,42.350,45.850,44.850,182.8770,35.9243,0.0000,34814.4727,1378.6237,-3.8956,0.0446,0,0,0.02407973,-0.7873903,-9.799008
17.60,1500,1001,-1.0000,0,0,0,0,0,0,0,0,0.122,0.385,-0.033,0.168,24.828,24.703,24.625,24.734,43.850,42.350,45.850,44.850,182.8770,35.9243,0.0000,34813.5039,1378.8330,-3.9246,0.0734,0,0,0.053895947,-0.8072648,-9.782823
17.80,1500,1001,-1.0000,0,0,0,0,0,0,0,0,0.100,0.151,-0.066,0.149,24.812,24.688,24.625,24.734,43.850,42.100,45.850,44.850,182.8770,35.9243,0.0000,34812.5078,1379.0043,-3.9590,0.0960,0,0,0.024443451,-0.7703349,-9.801517
18.00,1940,1001,-1.0000,431,418,408,455,0,0,0,0,1.955,2.727,2.246,2.262,24.656,24.531,24.484,24.594,43.600,42.350,45.850,44.850,182.9152,35.8056,1.6692,34811.5000,1379.1371,-3.9924,0.1149,0,0,-0.39031494,-0.86850226,-9.977007
18.20,2000,1001,-1.0000,1003,994,1042,1033,0,0,0,0,3.703,2.865,3.443,3.250,24.500,24.469,24.328,24.438,43.850,42.350,45.600,44.850,183.1009,35.2296,3.9702,34810.4219,1379.1523,-4.0451,0.1198,0,0,0.12577708,-0.71371096,-9.707936
18.40,2000,1001,-1.0000,1235,1236,1234,1238,0,0,0,0,1.739,1.717,1.920,1.775,24.688,24.547,24.500,24.594,43.600,42.350,45.850,44.850,183.3738,34.3836,4.8311,34809.2578,1378.9893,-4.1219,0.1062,0,0,0.24613917,-0.5321884,-10.149643
18.60,2000,1001,-1.0000,1241,1239,1243,1245,0,0,0,0,1.672,1.713,1.352,0.947,24.703,24.578,24.516,24.656,43.850,42.350,45.850,44.850,183.6812,33.4309,4.8438,34807.9883,1378.6682,-4.1937,0.0558,0,0,-0.0070884344,-0.6123865,-9.765645
18.80,1572,1001,-1.0000,817,821,786,791,0,0,0,0,-0.984,-0.910,-1.077,-1.236,24.828,24.766,24.672,24.781,43.600,42.350,45.850,44.850,183.9288,32.6639,3.1346,34806.7422,1378.3984,-4.2688,0.0337,0,0,0.48285964,-0.7835143,-9.260608
19.00,1500,1001,-1.0000,188,196,208,200,0,0,0,0,3.529,-0.955,2.072,-1.409,24.766,24.641,24.406,24.500,43.850,42.350,45.850,44.850,184.0493,32.2905,0.7722,34805.5742,1378.3153,-4.3246,0.0387,0,0,-0.5934624,1.9564815,-11.726059
19.20,1500,1001,-1.0000,0,0,-1,0,0,0,0,0,0.108,-0.578,-0.033,0.140,24.812,24.734,24.625,24.750,43.850,42.350,45.850,44.850,184.0563,32.2686,-0.0049,34804.5664,1378.3934,-4.3357,0.0473,0,0,-0.30543682,-0.6854893,-9.732759
19.40,1642,1001,-1.0000,0,0,1,7,0,0,0,0,4.004,5.668,7.391,6.238,24.734,24.562,24.359,24.453,43.850,42.350,45.850,44.850,184.0563,32.2686,0.0068,34803.4922,1378.3571,-4.4051,0.0502,0,0,1.3600588,-1.0173898,-10.80789
19.60,1868,1001,-1.0000,641,593,622,625,0,0,0,0,2.752,2.574,2.705,2.658,24.609,24.469,24.422,24.531,43.850,42.350,45.850,44.850,184.1400,32.0087,2.4190,34802.4492,1378.2844,-4.4169,0.0427,0,0,0.15502465,-0.4409232,-9.53533
19.80,2000,1001,-1.0000,1209,1221,1186,1194,0,0,0,0,2.895,2.055,3.248,3.355,24.531,24.453,24.344,24.453,43.850,42.100,45.850,45.100,184.3539,31.3439,4.5845,34801.2109,1378.1818,-4.4870,0.0307,0,0,0.42040747,-0.78222126,-9.807594
20.00,2000,1001,-1.0000,1235,1235,1233,1238,0,0,0,0,2.828,2.170,1.567,1.338,24.656,24.578,24.500,24.625,43.850,42.350,45.850,44.850,184.6567,30.4034,4.8175,34799.8711,1377.9868,-4.5708,0.0200,0,0,0.42023346,-1.0213528,-9.871953
20.20,2000,1001,-1.0000,1237,1236,1243,1244,0,0,0,0,1.849,2.467,1.254,0.764,24.688,24.578,24.516,24.625,43.850,42.350,45.850,44.850,184.9679,29.4365,4.8360,34798.5195,1377.7522,-4.6577,-0.0059,0,0,0.25998554,-0.7417504,-9.750297
20.40,2000,1001,-1.0000,1232,1241,1237,1242,0,0,0,0,2.002,1.317,1.518,1.587,24.656,24.562,24.516,24.641,43.850,42.350,45.850,44.850,185.2554,28.5433,4.8282,34797.1992,1377.5834,-4.7331,-0.0250,0,0,0.41995063,-0.79497266,-9.761411
20.60,2000,1001,-1.0000,1245,1248,1242,1245,0,0,0,0,0.947,1.131,1.605,1.184,24.719,24.672,24.531,24.656,43.850,42.350,45.850,44.850,185.5590,27.6002,4.8555,34795.9336,1377.4280,-4.7912,-0.0394,0,0,-0.067716874,-0.69310296,-9.784101
20.80,2000,1001,-1.0000,1242,1245,1242,1247,0,0,0,0,1.719,1.149,1.541,1.328,24.719,24.656,24.531,24.641,43.850,42.350,45.850,44.850,185.8621,26.6585,4.8516,34794.5898,1377.2706,-4.8578,-0.0501,0,0,0.029073479,-0.6851577,-9.904264
21.00,2000,1001,-1.0000,1243,1245,1244,1247,0,0,0,0,1.251,1.311,1.551,1.706,24.703,24.594,24.516,24.641,43.850,42.350,45.850,44.850,186.1608,25.7306,4.8545,34793.3242,1377.1317,-4.9172,-0.0584,0,0,0.119570374,-0.8795859,-9.929486
21.20,2000,1001,-1.0000,1241,1246,1245,1248,0,0,0,0,0.987,0.675,1.365,1.608,24.703,24.641,24.531,24.656,43.850,42.350,45.850,44.850,186.4421,24.8567,4.8555,34792.0898,1377.0267,-4.9782,-0.0613,0,0,-0.13268429,-0.7703976,-9.67398
21.40,1996,1001,-1.0000,1247,1251,1245,1248,0,0,0,0,1.570,1.331,1.526,1.056,24.703,24.656,24.531,24.641,43.850,42.350,45.600,44.850,186.7371,23.9399,4.8662,34790.7656,1376.9293,-5.0374,-0.0626,0,0,0.21628308,-0.83353853,-10.076806
21.60,1500,1001,-1.0000,813,793,791,828,0,0,0,0,-0.272,-0.851,-0.525,-1.155,24.844,24.734,24.672,24.766,43.850,42.350,45.850,44.850,186.9989,23.1273,3.1444,34789.4727,1376.8542,-5.0924,-0.0557,0,0,0.3799305,-0.9556363,-9.229694
21.80,1500,1001,-1.0000,218,87,179,124,0,0,0,0,0.620,14.812,1.828,1.751,24.781,24.219,24.312,24.578,43.850,42.100,45.850,44.850,187.1214,22.7468,0.5928,34788.2969,1376.9047,-5.1349,-0.0517,0,0,-2.8165643,-2.5178003,-8.062806
22.00,1500,1001,-1.0000,0,0,-1,0,0,0,0,0,0.082,0.057,-0.107,0.225,24.812,24.734,24.625,24.734,43.850,42.350,45.850,44.850,187.1292,22.7227,0.0000,34787.2031,1377.0269,-5.1327,-0.0114,0,0,0.23897336,-1.1252743,-9.694723
22.20,1500,1001,-1.0000,0,0,0,0,0,0,0,0,0.108,0.484,-0.023,0.164,24.812,24.703,24.625,24.734,43.850,42.350,45.850,44.850,187.1292,22.7227,0.0000,34786.0664,1377.0277,-5.1708,-0.0080,0,0,0.15569374,-0.9145007,-9.831885
22.40,1179,1001,-1.0000,-389,-412,-416,-437,0,0,0,0,2.137,2.303,2.471,2.191,24.688,24.594,24.484,24.578,43.850,42.350,45.850,44.850,187.0935,22.8336,-1.6126,34784.8633,1377.0952,-5.2064,0.0135,0,0,0.34761953,-0.7388137,-9.400014
22.60,1016,1001,-1.0000,-962,-985,-986,-954,0,0,0,0,2.754,2.842,3.176,3.172,24.500,24.406,24.312,24.453,43.600,42.100,45.600,44.850,186.9256,23.3550,-3.7898,34783.5781,1377.1245,-5.2570,0.0200,0,0,-0.13920197,-0.7880474,-9.950651
22.80,1001,1001,-1.0000,-1235,-1236,-1235,-1238,0,0,0,0,1.640,1.533,1.882,1.791,24.672,24.594,24.484,24.609,43.850,42.350,45.850,44.850,186.6225,24.2965,-4.8204,34782.1953,1377.0149,-5.3186,0.0052,0,0,0.33145759,-1.0635527,-8.853287
23.00,1001,1001,-1.0000,-1239,-1245,-1238,-1243,0,0,0,0,1.287,1.461,1.489,1.251,24.688,24.672,24.531,24.641,43.850,42.350,45.850,44.850,186.3424,25.1663,-4.8409,34780.7383,1376.8063,-5.4158,-0.0124,0,0,0.18821329,-0.8368608,-9.872591
23.20,1001,1001,-1.0000,-1239,-1244,-1243,-1245,0,0,0,0,1.665,1.401,1.483,1.529,24.703,24.609,24.531,24.625,43.850,42.350,45.850,44.850,186.0439,26.0933,-4.8467,34779.3516,1376.6555,-5.4806,-0.0224,0,0,-0.039206266,-0.7208072,-9.896514
23.40,1001,1001,-1.0000,-1245,-1242,-1243,-1243,0,0,0,0,2.002,1.486,1.277,1.531,24.688,24.641,24.516,24.641,43.600,42.350,45.850,44.850,185.7453,27.0204,-4.8457,34777.8984,1376.5312,-5.5451,-0.0291,0,0,0.035683297,-0.7594798,-9.74756
23.60,1001,1001,-1.0000,-1243,-1241,-1244,-1246,0,0,0,0,1.834,1.165,1.133,0.997,24.703,24.672,24.516,24.641,43.600,42.350,45.850,44.850,185.4510,27.9344,-4.8497,34776.5938,1376.4100,-5.6004,-0.0387,0,0,-0.071210995,-0.65877485,-9.794358
23.80,1001,1001,-1.0000,-1240,-1181,-1244,-1245,0,0,0,0,1.865,3.234,1.591,-0.134,24.719,24.531,24.469,24.641,43.600,42.600,45.850,44.850,185.1582,28.8439,-4.7395,34775.1758,1376.2731,-5.6578,-0.0511,0,0,-0.27718544,-0.48734835,-10.170481
24.00,1001,1001,-1.0000,-1243,-1241,-1244,-1247,0,0,0,0,0.849,2.334,1.553,1.197,24.703,24.625,24.500,24.625,43.850,42.350,45.850,44.850,184.8634,29.7596,-4.8506,34773.8164,1376.1904,-5.7070,-0.0459,0,0,-0.0034959645,-0.9209459,-9.825574
24.20,1500,1001,-1.0000,-907,-955,-943,-931,0,0,0,0,-0.533,-0.399,-0.764,-0.390,24.828,24.688,24.641,24.766,43.850,42.350,45.850,44.850,184.5807,30.6380,-3.6426,34772.4492,1376.1340,-5.7493,-0.0419,0,0,0.064493984,-1.260622,-9.858603
24.40,1500,1001,-1.0000,-331,-377,-361,-360,0,0,0,0,-0.972,-0.391,-0.569,-1.549,24.812,24.734,24.625,24.750,43.850,42.350,45.850,44.850,184.4269,31.1164,-1.3933,34771.1797,1376.1454,-5.7834,-0.0246,0,0,0.7302922,-1.1320846,-9.769414
24.60,1500,1001,-1.0000,0,0,-3,0,0,0,0,0,-0.070,0.062,0.143,0.205,24.812,24.734,24.625,24.734,43.850,42.350,45.600,44.850,184.4044,31.1864,0.0000,34770.0156,1376.2603,-5.7735,0.0061,0,0,-0.28258902,-0.5214534,-9.821917
24.80,1500,1001,-1.0000,0,0,0,0,0,0,0,0,0.138,-0.765,0.057,0.060,24.797,24.766,24.625,24.734,43.600,42.350,45.850,44.850,184.4044,31.1864,0.0000,34768.7617,1376.3474,-5.8017,0.0346,0,0,0.1817986,-0.9635318,-9.654882
25.00,1071,1001,-1.0000,-368,-391,-339,-362,0,0,0,0,1.957,1.956,1.799,1.475,24.703,24.625,24.516,24.641,43.600,42.350,45.850,44.850,184.3774,31.2701,-1.4235,34767.4492,1376.4601,-5.8468,0.0706,0,0,0.124623135,-0.51008785,-9.731776
25.20,1001,1001,-1.0000,-938,-965,-914,-932,0,0,0,0,3.342,2.914,3.352,3.102,24.516,24.422,24.375,24.469,43.600,42.350,45.600,44.850,184.2240,31.7466,-3.5977,34766.0547,1376.5756,-5.8878,0.0939,0,0,0.036421873,-0.61555874,-9.707129
25.40,1001,1001,-1.0000,-1247,-1242,-1245,-1242,0,0,0,0,1.456,1.734,1.403,1.760,24.734,24.609,24.516,24.625,43.850,42.350,45.850,44.850,183.9453,32.6122,-4.8516,34764.5469,1376.5483,-5.9617,0.0978,0,0,0.15416403,-1.035784,-8.895562
25.60,1001,1001,-1.0000,-1245,-1241,-1242,-1246,0,0,0,0,2.037,1.816,1.729,0.942,24.703,24.641,24.531,24.656,43.850,42.350,45.850,44.850,183.6473,33.5379,-4.8497,34762.9336,1376.3933,-6.0750,0.0821,0,0,-0.2177052,-1.0921692,-9.863512
25.80,1001,1001,-1.0000,-1240,-1245,-1238,-1245,0,0,0,0,1.576,1.126,1.363,1.529,24.688,24.578,24.531,24.625,43.850,42.100,45.850,44.850,183.3490,34.4645,-4.8438,34761.3594,1376.3120,-6.1628,0.0721,0,0,-0.1027771,-0.6549391,-9.778239
26.00,1001,1001,-1.0000,-1243,-1246,-1243,-1245,0,0,0,0,1.548,1.250,1.587,1.065,24.719,24.578,24.516,24.641,43.600,42.100,45.850,44.850,183.0593,35.3644,-4.8526,34759.8164,1376.2404,-6.2401,0.0631,0,0,0.03198373,-0.71010196,-9.764578
26.20,1453,1001,-1.0000,-1181,-1219,-1202,-1190,0,0,0,0,-3.027,-3.691,-3.375,-3.277,25.016,24.922,24.859,24.953,43.850,42.100,45.850,44.850,182.7568,36.3038,-4.6722,34758.2656,1376.1519,-6.3499,0.0611,0,0,1.3994061,-0.63012314,-11.090794
26.40,1500,1001,-1.0000,-625,-664,-650,-636,0,0,0,0,-0.944,-1.226,-1.653,-1.347,24.828,24.750,24.656,24.766,43.850,42.350,45.850,44.850,182.5603,36.9147,-2.5106,34756.7383,1376.0874,-6.3840,0.0534,0,0,0.5003282,-0.36615047,-9.525422
26.60,1500,1001,-1.0000,-56,-13,21,-34,0,0,0,0,3.297,1.348,-1.203,2.209,24.547,24.625,24.609,24.422,43.600,42.350,45.600,44.850,182.4792,37.1670,-0.0799,34755.2891,1376.1552,-6.3963,0.0834,0,0,2.219711,0.49016163,-9.237322
26.80,1500,1001,-1.0000,0,0,0,0,0,0,0,0,-0.255,-0.211,0.036,0.140,24.812,24.688,24.625,24.734,43.850,42.600,45.850,44.850,182.4800,37.1645,0.0000,34753.8281,1376.2090,-6.4626,0.0891,0,0,-0.061661594,-0.8167308,-9.909697
27.00,1500,1001,-1.0000,0,0,0,0,0,0,0,0,0.086,-0.378,-0.060,0.186,24.797,24.703,24.625,24.734,43.850,42.350,45.850,44.850,182.4800,37.1645,0.0000,34752.3867,1376.2330,-6.5042,0.0867,0,0,0.17396864,-0.7659347,-9.70421
27.20,1079,1001,-1.0000,-236,-190,-238,-220,0,0,0,0,1.377,3.115,2.773,2.957,24.672,24.547,24.469,24.578,43.850,42.350,45.600,44.850,182.4697,37.1965,-0.8619,34750.9961,1376.3386,-6.5265,0.1000,0,0,-0.054228924,-0.84808385,-9.842424
27.40,1001,1001,-1.0000,-828,-788,-819,-828,0,0,0,0,2.641,2.619,3.121,2.219,24.578,24.516,24.391,24.500,43.600,42.350,45.850,44.850,182.3371,37.6082,-3.1814,34749.6250,1376.4967,-6.5332,0.1270,0,0,0.17969196,-0.7737861,-9.701027
27.60,1001,1001,-1.0000,-1263,-1259,-1264,-1273,0,0,0,0,-1.039,-0.598,-0.211,-0.640,24.906,24.781,24.641,24.844,43.850,42.600,45.850,44.850,182.0738,38.4256,-4.9325,34748.1406,1376.5684,-6.6032,0.1554,0,0,0.9986975,-0.7857437,-10.453465
27.80,1001,1001,-1.0000,-1243,-1237,-1242,-1244,0,0,0,0,1.087,1.796,1.627,0.956,24.719,24.641,24.516,24.641,43.850,42.100,45.850,44.850,181.7751,39.3529,-4.8418,34746.5234,1376.5081,-6.6678,0.1397,0,0,0.16551875,-0.8896187,-9.741726
28.00,1057,1001,-1.0000,-1240,-1233,-1237,-1240,0,0,0,0,-1.178,-1.499,-0.442,-1.972,24.875,24.844,24.672,24.844,43.850,42.100,45.850,44.850,181.4941,40.2252,-4.8331,34744.8906,1376.4692,-6.7607,0.1272,0,0,-1.2365109,-0.62238157,-9.561513
28.20,1477,1001,-1.0000,-674,-647,-701,-673,0,0,0,0,-1.078,-0.988,-0.843,-1.218,24.828,24.781,24.672,24.766,43.850,42.350,45.850,44.850,181.2540,40.9711,-2.6276,34743.2852,1376.4398,-6.8230,0.1231,0,0,0.24609514,-0.8152211,-9.779794
28.40,1500,1001,-1.0000,-127,5,-187,-106,0,0,0,0,3.402,14.883,3.189,3.787,24.594,24.078,24.531,24.438,43.600,42.350,45.600,44.850,181.1708,41.2296,-0.5587,34741.7578,1376.4961,-6.8942,0.1452,0,0,-1.0027001,-2.1331422,-12.069612
28.60,1500,1001,-1.0000,0,0,0,0,0,0,0,0,-0.036,-0.506,0.031,-0.166,24.812,24.672,24.625,24.750,43.600,42.600,45.850,44.850,181.1667,41.2423,0.0000,34740.2500,1376.6053,-6.8961,0.1786,0,0,0.23861879,-0.486382,-9.797295
28.80,1500,1001,-1.0000,0,0,0,0,0,0,0,0,0.155,0.298,0.027,-0.280,24.812,24.703,24.625,24.750,43.600,42.350,45.850,44.850,181.1667,41.2423,0.0000,34738.5547,1376.7635,-6.9562,0.1996,0,0,-0.062083744,-0.6746203,-9.895489
29.00,1839,1001,-1.0000,224,257,265,225,0,0,0,0,2.254,2.422,2.055,2.500,24.656,24.562,24.500,24.594,43.850,42.350,45.850,44.850,181.1759,41.2138,0.8073,34737.0352,1376.8888,-6.9979,0.2370,0,0,0.17875546,-0.9015814,-9.556883
29.20,2000,1001,-1.0000,813,837,848,809,0,0,0,0,3.004,2.186,3.240,2.586,24.562,24.500,24.391,24.516,43.600,42.350,45.600,44.850,181.3005,40.8264,3.1151,34735.3906,1376.9822,-7.0556,0.2540,0,0,0.018915234,-0.78720737,-9.660712
29.40,2000,1001,-1.0000,1259,1264,1270,1266,0,0,0,0,0.163,-0.603,-0.792,-0.409,24.859,24.812,24.688,24.781,43.850,42.350,45.850,44.850,181.5621,40.0134,4.9325,34733.7773,1377.0271,-7.0959,0.2464,0,0,-1.2143719,-0.50175095,-9.827666
29.60,2000,1001,-1.0000,1242,1244,1243,1245,0,0,0,0,1.462,1.146,1.211,0.721,24.719,24.594,24.516,24.656,43.600,42.100,45.850,44.850,181.8739,39.0454,4.8497,34732.0625,1377.0240,-7.2015,0.2360,0,0,0.048951205,-0.7556253,-9.893093
29.80,2000,1001,-1.0000,1243,1241,1239,1244,0,0,0,0,1.377,1.155,1.369,1.133,24.734,24.578,24.516,24.625,43.850,42.350,45.850,44.850,182.1547,38.1738,4.8428,34730.4648,1377.0076,-7.2663,0.2445,0,0,0.019360198,-0.8485945,-9.725606
30.00,2000,1001,-1.0000,1242,1250,1244,1245,0,0,0,0,1.776,1.346,1.856,0.980,24.688,24.578,24.531,24.641,43.850,42.350,45.850,44.850,182.4711,37.1917,4.8565,34728.6914,1377.0045,-7.3383,0.2474,0,0,0.13078882,-0.78099495,-9.719113
30.20,1897,1001,-1.0000,1100,1153,1142,1122,0,0,0,0,-2.242,-2.119,-2.273,-1.433,24.922,24.875,24.766,24.844,43.850,42.350,45.850,45.100,182.7524,36.3194,4.4041,34727.1055,1377.0193,-7.3853,0.2523,0,0,-0.8657094,-0.79326534,-9.798298
30.40,1644,1001,-1.0000,498,494,545,527,0,0,0,0,-0.241,-1.183,-2.209,-1.332,24.828,24.719,24.641,24.766,43.850,42.350,45.850,44.850,182.9495,35.7083,2.0124,34725.6133,1377.0394,-7.4443,0.2555,0,0,0.027212474,-0.8577479,-9.707168
30.60,1529,1001,-1.0000,133,113,125,94,0,0,0,0,2.016,2.281,2.898,3.375,24.781,24.688,24.594,24.672,43.850,42.350,45.850,44.850,183.0123,35.5137,0.4007,34723.8516,1377.1012,-7.4604,0.2954,0,0,-0.8424098,-1.1132412,-8.019936
30.80,1500,1001,-1.0000,0,0,0,0,0,0,0,0,0.118,0.133,0.027,0.041,24.797,24.734,24.609,24.734,43.850,42.350,45.850,44.850,183.0159,35.5026,0.0000,34722.1914,1377.2062,-7.4921,0.3175,0,0,0.2252894,-1.162098,-10.043214
31.00,1923,1001,-1.0000,256,270,230,237,0,0,0,0,2.494,2.041,3.160,2.344,24.672,24.609,24.469,24.594,43.850,42.350,45.850,44.850,183.0278,35.4656,0.9682,34720.6406,1377.2748,-7.5267,0.3322,0,0,0.028849984,-1.0071375,-8.9546585
31.20,2000,1001,-1.0000,838,799,818,830,0,0,0,0,2.789,2.240,3.104,1.984,24.609,24.484,24.391,24.500,43.600,42.100,45.850,44.850,183.1592,35.0584,3.2029,34718.9727,1377.3258,-7.5927,0.3314,0,0,0.2101283,-0.76254016,-10.016275
31.40,2000,1001,-1.0000,1253,1263,1263,1276,0,0,0,0,1.086,-1.275,-0.317,-1.681,24.875,24.812,24.703,24.797,43.850,42.350,45.850,44.850,183.4195,34.2518,4.9286,34717.1719,1377.3710,-7.6443,0.3186,0,0,-0.99500734,-0.8165229,-9.559387
31.60,2000,1001,-1.0000,1236,1241,1237,1241,0,0,0,0,1.835,2.027,1.239,0.765,24.719,24.656,24.547,24.641,43.850,42.350,45.850,44.850,183.7317,33.2854,4.8311,34715.3516,1377.3967,-7.7640,0.2984,0,0,-0.6986762,-0.6426376,-9.948474
31.80,2000,1001,-1.0000,1244,1247,1241,1247,0,0,0,0,1.769,0.692,1.571,0.893,24.703,24.641,24.516,24.656,43.850,42.350,45.850,44.850,184.0310,32.3590,4.8545,34713.5664,1377.3928,-7.8386,0.3029,0,0,-0.043489225,-0.9693066,-9.87709
32.00,1840,1001,-1.0000,984,980,1015,1002,0,0,0,0,-1.533,-1.901,-1.670,-1.843,24.906,24.766,24.703,24.828,43.850,42.350,45.850,44.850,184.2948,31.5432,3.8815,34711.7734,1377.3937,-7.9084,0.3010,0,0,-0.057278015,-0.5957036,-9.287127
32.20,1696,1001,-1.0000,486,490,493,498,0,0,0,0,0.440,-0.542,2.484,2.133,24.797,24.750,24.547,24.641,43.850,42.350,45.850,44.850,184.4633,31.0223,1.9178,34709.9883,1377.4164,-7.9765,0.3131,0,0,1.2504563,-0.62787676,-10.413319
32.40,1622,1001,-1.0000,339,336,329,337,0,0,0,0,0.881,1.261,1.917,-0.946,24.766,24.656,24.578,24.703,43.850,42.350,45.850,44.850,184.5598,30.7239,1.3075,34708.2539,1377.4510,-8.0090,0.3401,0,0,0.92654246,-0.8372916,-9.737124
32.60,1528,1001,-1.0000,124,105,161,69,0,0,0,0,0.799,0.037,7.598,3.277,24.797,24.375,24.562,24.656,43.850,42.350,45.850,44.850,184.6141,30.5557,0.4475,34706.5000,1377.5239,-8.0399,0.3650,0,0,-0.60800016,-1.4162779,-9.577856
32.80,1500,1001,-1.0000,-14,32,-6,0,0,0,0,0,0.217,0.376,-0.106,0.178,24.797,24.688,24.609,24.734,43.850,42.600,45.850,44.850,184.6220,30.5314,0.0117,34704.7422,1377.5812,-8.1016,0.4024,0,0,0.111162476,-0.8166124,-10.005474
33.00,1954,1001,-1.0000,342,328,338,293,0,0,0,0,1.672,2.178,1.786,1.902,24.703,24.625,24.516,24.625,43.850,42.350,45.850,44.850,184.6435,30.4650,1.2685,34703.0195,1377.6050,-8.1200,0.4247,0,0,0.26527095,-1.0499946,-10.314254
33.20,2000,1001,-1.0000,919,907,911,936,0,0,0,0,3.307,2.576,3.188,2.395,24.562,24.516,24.359,24.484,43.850,42.350,45.600,44.850,184.8027,29.9731,3.5812,34701.3047,1377.6323,-8.1621,0.4527,0,0,0.1022264,-0.82398885,-9.641271
33.40,2000,1001,-1.0000,1242,1245,1246,1250,0,0,0,0,1.159,1.740,1.214,1.283,24.688,24.578,24.516,24.688,43.850,42.350,45.850,44.850,185.0815,29.1123,4.8584,34699.6133,1377.6843,-8.2151,0.4547,0,0,-0.4798967,-0.92729515,-10.401634
33.60,2000,1001,-1.0000,1239,1245,1241,1244,0,0,0,0,1.644,0.894,1.700,0.628,24.719,24.641,24.531,24.656,43.600,42.350,45.850,44.850,185.3587,28.2566,4.8448,34697.6406,1377.7639,-8.3080,0.4445,0,0,0.119713634,-0.8802777,-9.77385
33.80,2000,1001,-1.0000,1240,1241,1239,1246,0,0,0,0,1.479,1.721,1.337,0.688,24.703,24.594,24.531,24.641,43.600,42.600,45.850,44.850,185.6768,27.2751,4.8418,34695.8047,1377.8066,-8.3749,0.4414,0,0,-0.07530822,-0.8186138,-9.781649
34.00,2000,1001,-1.0000,1241,1242,1242,1245,0,0,0,0,1.260,1.543,1.920,1.277,24.703,24.594,24.500,24.641,43.600,42.350,45.850,44.850,185.9551,26.4163,4.8418,34693.9375,1377.8698,-8.4415,0.4461,0,0,0.009815344,-0.7945882,-9.863587
34.20,1738,1001,-1.0000,1165,1123,1125,1155,0,0,0,0,-2.984,-1.822,-2.529,-2.906,24.984,24.828,24.766,24.922,43.850,42.350,45.850,45.100,186.2524,25.4997,4.4538,34692.0625,1377.9304,-8.5010,0.4468,0,0,-0.92044723,-0.2640252,-10.665611
34.40,1500,1007,-0.9877,557,515,516,545,0,0,0,0,-1.219,-0.511,-2.104,-1.124,24.828,24.688,24.641,24.750,43.600,42.350,45.850,44.850,186.4521,24.8844,2.0797,34690.1836,1377.9967,-8.5687,0.4497,0,0,-0.03505109,-0.77498215,-9.736622
34.60,1500,1004,-0.9938,-33,-28,53,7,0,0,0,0,0.198,-0.906,-0.383,-0.342,24.797,24.766,24.609,24.734,43.850,42.350,45.850,44.850,186.5064,24.7173,-0.0010,34688.3633,1378.0278,-8.5892,0.4764,0,0,0.2572098,-0.09140809,-10.42643
34.80,1500,1003,-0.9959,0,0,0,0,0,0,0,0,0.061,-0.161,0.097,0.128,24.812,24.703,24.625,24.734,43.850,42.100,45.850,44.850,186.5066,24.7166,0.0000,34686.5195,1378.1094,-8.6265,0.4906,0,0,-0.10307324,-1.0170863,-9.85276
35.00,2000,1001,-1.0000,399,438,388,411,0,0,0,0,2.342,2.457,2.084,1.860,24.672,24.578,24.500,24.594,43.850,42.350,45.850,44.850,186.5412,24.6098,1.5951,34684.6602,1378.1936,-8.6608,0.4907,0,0,-0.37027237,-1.0660472,-10.03538
35.20,2000,1001,-1.0000,969,953,956,985,0,0,0,0,3.102,3.494,3.121,3.043,24.531,24.500,24.344,24.438,43.600,42.350,45.850,44.850,186.7063,24.1008,3.7664,34682.8047,1378.2961,-8.7154,0.4937,0,0,0.13492548,-0.79094553,-9.775611
35.40,2000,1001,-1.0000,1236,1239,1238,1239,0,0,0,0,1.606,1.838,2.193,1.782,24.641,24.625,24.500,24.594,43.850,42.350,45.850,44.850,186.9972,23.2045,4.8282,34680.8789,1378.4088,-8.8101,0.4809,0,0,0.42789936,-0.3776714,-10.48315
35.60,2000,1001,-1.0000,1240,1242,1238,1245,0,0,0,0,1.327,1.252,1.462,1.261,24.703,24.609,24.500,24.641,43.850,42.350,45.850,44.850,187.2928,22.2937,4.8409,34678.9102,1378.5455,-8.8781,0.4633,0,0,-0.20231798,-0.72318137,-9.739501
35.80,2000,1001,-1.0000,1241,1243,1244,1245,0,0,0,0,1.624,1.222,1.623,1.489,24.703,24.594,24.500,24.625,43.850,42.350,45.850,44.850,187.5934,21.3679,4.8487,34676.9414,1378.5792,-8.9554,0.4625,0,0,-0.0036386482,-0.7906922,-9.7491
36.00,2000,1001,-1.0000,1240,1240,1244,1245,0,0,0,0,1.487,1.987,1.372,1.332,24.672,24.578,24.500,24.609,43.850,42.350,45.850,44.850,187.8770,20.4947,4.8467,34674.9727,1378.6082,-9.0254,0.4655,0,0,0.04762123,-0.8523105,-9.851349
36.20,2000,1001,-1.0000,1240,1245,1245,1246,0,0,0,0,1.143,1.069,1.494,1.253,24.688,24.594,24.516,24.609,43.850,42.350,45.850,44.850,188.1872,19.5401,4.8516,34672.9922,1378.6503,-9.0938,0.4679,0,0,-0.10442434,-0.77340955,-9.69265
36.40,2000,1001,-1.0000,1242,1244,1242,1247,0,0,0,0,1.681,1.728,1.634,1.329,24.703,24.594,24.531,24.656,43.850,42.350,45.850,44.850,188.4790,18.6420,4.8506,34671.0391,1378.6926,-9.1552,0.4754,0,0,-0.033069212,-0.77982503,-9.834574
36.60,1905,1001,-1.0000,1217,1202,1195,1178,0,0,0,0,-3.312,-3.508,-3.445,-3.182,25.016,24.906,24.844,24.938,43.850,42.350,45.850,45.100,188.7803,17.7152,4.7531,34669.0312,1378.7152,-9.1967,0.4825,0,0,-1.424848,-0.69215554,-8.683148
36.80,1500,1001,-1.0000,612,594,581,570,0,0,0,0,-0.896,-1.099,-0.499,-1.066,24.844,24.750,24.641,24.766,43.850,42.600,45.850,44.850,188.9970,17.0491,2.4677,34667.0156,1378.7506,-9.2901,0.4955,0,0,-0.5172707,-0.7697431,-10.183702
37.00,1500,1001,-1.0000,63,11,60,37,0,0,0,0,-2.877,-0.299,0.894,2.559,24.750,24.688,24.438,24.656,43.850,42.350,45.850,44.850,189.0757,16.8070,0.1667,34665.0312,1378.6948,-9.3495,0.5058,0,0,1.6624285,3.2410734,-11.274234
37.20,1500,1001,-1.0000,0,0,0,0,0,0,0,0,0.134,0.334,-0.071,0.142,24.797,24.703,24.625,24.734,43.600,42.350,45.850,44.850,189.0759,16.8065,0.0000,34663.0508,1378.6587,-9.3650,0.5669,0,0,0.32676187,-0.7399947,-9.952236
37.40,1962,1001,-1.0000,370,391,345,369,0,0,0,0,1.809,1.942,1.951,1.569,24.688,24.562,24.516,24.625,43.850,42.350,45.850,44.850,189.1038,16.7207,1.4381,34661.0977,1378.6384,-9.3752,0.6016,0,0,-0.1943441,-0.93648875,-10.178088
37.60,2000,1001,-1.0000,947,962,973,940,0,0,0,0,3.455,3.508,3.426,2.881,24.500,24.422,24.328,24.469,43.600,42.100,45.850,44.850,189.2760,16.1913,3.7264,34659.1562,1378.6578,-9.4036,0.6403,0,0,0.2783917,-0.92486304,-9.717669
37.80,1868,1001,-1.0000,1217,1198,1194,1227,0,0,0,0,-3.197,-3.068,-3.115,-3.295,25.047,24.891,24.828,24.953,43.850,42.350,45.850,44.850,189.5491,15.3528,4.7902,34657.1719,1378.7812,-9.4493,0.6393,0,0,0.08665893,-1.0200038,-9.689442
38.00,1500,1016,-0.9691,673,653,642,630,0,0,0,0,-1.126,-0.938,-0.931,-1.128,24.844,24.750,24.656,24.766,43.850,42.350,45.850,44.850,189.7732,14.6649,2.5331,34655.1250,1378.9568,-9.5331,0.6294,0,0,-0.16931607,-0.8426948,-9.859042
38.20,1500,1009,-0.9835,29,31,0,23,0,0,0,0,0.185,3.143,5.617,1.844,24.734,24.562,24.531,24.562,43.600,42.100,45.850,44.850,189.8540,14.4170,0.2525,34653.1133,1378.9415,-9.5457,0.6549,0,0,-0.322398,-0.057816043,-10.41936
38.40,1558,1001,-1.0000,83,104,78,95,0,0,0,0,3.490,3.080,1.721,1.307,24.750,24.594,24.594,24.688,43.850,42.350,45.850,44.850,189.8596,14.3998,0.3510,34651.1211,1378.8308,-9.5901,0.6716,0,0,0.14020222,-0.5225035,-10.763787
38.60,1627,1001,-1.0000,312,307,312,305,0,0,0,0,-0.878,-0.264,-0.778,0.006,24.828,24.688,24.609,24.719,43.850,42.350,45.850,44.850,189.9094,14.2469,1.2080,34649.1758,1378.6556,-9.5877,0.6855,0,0,-1.564975,-0.5586293,-9.545228
38.80,1629,1001,-1.0000,334,332,315,336,0,0,0,0,1.188,0.385,0.229,0.545,24.766,24.656,24.625,24.688,43.600,42.350,45.850,44.850,189.9964,13.9795,1.2841,34647.1016,1378.6500,-9.6495,0.7023,0,0,0.80963784,-0.29393375,-10.755184
39.00,1545,1001,-1.0000,89,100,128,90,0,0,0,0,0.145,0.937,2.303,0.532,24.797,24.656,24.609,24.734,43.850,42.350,45.850,44.850,190.0424,13.8380,0.3968,34645.0820,1378.6106,-9.6788,0.7191,0,0,-0.67610866,-1.0109404,-10.480436
39.20,1760,1001,-1.0000,583,588,557,570,0,0,0,0,2.664,2.176,2.527,2.236,24.609,24.547,24.438,24.547,43.600,42.350,45.850,44.850,190.1123,13.6240,2.1313,34643.1523,1378.6138,-9.7234,0.7348,0,0,0.009102838,-0.6824123,-9.849618
39.40,1868,1001,-1.0000,633,639,655,682,0,0,0,0,5.441,4.777,4.805,4.094,24.344,24.266,24.234,24.344,43.600,42.350,45.600,44.850,190.2652,13.1553,2.5438,34641.0078,1378.6829,-9.7707,0.7614,0,0,0.8823173,-0.39967653,-8.413675
39.60,2000,1001,-1.0000,1223,1225,1245,1261,0,0,0,0,1.254,1.430,-0.278,-1.327,24.641,24.531,24.625,24.797,44.100,42.350,45.850,44.850,190.4874,12.4739,4.7463,34638.9453,1378.7042,-9.8076,0.7658,0,0,1.1750386,-0.7996614,-9.951896
39.80,2000,1001,-1.0000,1242,1243,1242,1246,0,0,0,0,1.763,1.022,1.280,0.618,24.703,24.578,24.531,24.656,43.850,42.350,45.850,44.850,190.7952,11.5309,4.8467,34636.9141,1378.9318,-9.9033,0.7623,0,0,0.21277969,-0.92353356,-10.067584
40.00,2000,1001,-1.0000,1244,1237,1244,1247,0,0,0,0,1.916,2.258,1.208,0.581,24.719,24.656,24.516,24.641,43.850,42.350,45.850,44.850,191.0975,10.6049,4.8477,34634.7656,1379.0884,-9.9986,0.7605,0,0,-0.051153824,-0.74845797,-9.719911
40.20,2000,1001,-1.0000,1242,1242,1246,1246,0,0,0,0,1.435,1.733,1.479,1.693,24.703,24.594,24.531,24.641,43.850,42.350,45.850,44.850,191.4227,9.6090,4.8516,34632.6367,1379.2030,-10.0631,0.7616,0,0,-0.03394111,-0.69875616,-9.922313
40.40,1500,1001,-1.0000,816,862,843,823,0,0,0,0,-0.474,-0.703,-0.607,-1.117,24.844,24.750,24.656,24.781,43.850,42.600,45.850,44.850,191.6727,8.8439,3.2604,34630.4883,1379.2914,-10.1370,0.7669,0,0,0.29723787,-0.60615414,-9.224417
40.60,1500,1001,-1.0000,289,277,140,301,0,0,0,0,-0.552,-0.762,11.914,-1.318,24.812,24.484,24.312,24.734,43.850,42.350,45.850,44.850,191.8018,8.4487,0.9818,34628.3398,1379.2943,-10.1884,0.7787,0,0,-0.8391885,-1.3756466,-8.8239355
40.80,1500,1001,-1.0000,0,0,0,0,0,0,0,0,-0.021,-0.154,-0.053,0.019,24.797,24.750,24.609,24.734,43.850,42.600,45.850,44.850,191.8158,8.4058,0.0000,34626.1875,1379.2363,-10.2240,0.8063,0,0,-0.20285426,-0.69662005,-9.480618
41.00,1500,1001,-1.0000,0,0,0,0,0,0,0,0,0.112,0.657,-0.056,-0.258,24.797,24.734,24.625,24.734,43.850,42.350,45.850,44.850,191.8157,8.4060,0.0000,34623.9062,1379.1249,-10.2789,0.8243,0,0,0.05794313,-0.888981,-10.050836
41.20,1001,1001,-1.0000,-487,-450,-470,-495,0,0,0,0,2.609,2.316,2.363,2.443,24.641,24.578,24.469,24.547,43.850,42.100,45.850,44.850,191.7675,8.5534,-1.8544,34621.7383,1378.9780,-10.3102,0.8566,0,0,0.24380475,-1.1306841,-9.526842
41.40,1001,1001,-1.0000,-1003,-1018,-1037,-1013,0,0,0,0,3.738,3.367,4.102,2.586,24.516,24.469,24.297,24.438,43.850,42.350,45.850,44.850,191.5877,9.1028,-3.9692,34619.5820,1378.9131,-10.3718,0.8820,0,0,-0.06352201,-0.941641,-9.688236
41.60,1001,1001,-1.0000,-1235,-1241,-1234,-1239,0,0,0,0,2.020,1.156,1.954,1.152,24.672,24.547,24.484,24.609,43.850,42.350,45.850,44.850,191.2840,10.0311,-4.8253,34617.3672,1379.0787,-10.4431,0.8711,0,0,-0.20054156,-0.66355616,-10.010711
41.80,1001,1001,-1.0000,-1243,-1238,-1241,-1244,0,0,0,0,1.590,1.420,1.484,0.984,24.703,24.656,24.500,24.641,43.850,42.600,45.850,44.850,190.9813,10.9557,-4.8418,34615.1406,1379.2424,-10.5364,0.8782,0,0,0.17583798,-0.83305603,-9.873512
42.00,1001,1001,-1.0000,-1242,-1244,-1240,-1245,0,0,0,0,1.477,1.649,1.233,1.154,24.703,24.656,24.531,24.641,43.850,42.350,45.850,44.850,190.6866,11.8560,-4.8467,34612.9062,1379.3420,-10.6054,0.8865,0,0,0.22570334,-0.80739474,-9.826973
42.20,1253,1001,-1.0000,-1166,-1207,-1196,-1156,0,0,0,0,-2.873,-2.969,-3.318,-2.893,25.000,24.906,24.844,24.922,43.850,42.600,45.850,45.100,190.3814,12.7884,-4.6069,34610.6680,1379.4076,-10.6978,0.9021,0,0,1.3248259,-0.94464535,-10.623835
42.40,1500,1001,-1.0000,-561,-607,-588,-605,0,0,0,0,-1.347,-1.314,-0.962,-1.599,24.828,24.719,24.641,24.766,43.850,42.600,45.850,44.850,190.1825,13.3964,-2.3585,34608.4258,1379.4551,-10.7334,0.8997,0,0,0.46963584,-0.6636831,-9.47924
42.60,1500,1001,-1.0000,-14,-11,-70,0,0,0,0,0,0.069,1.258,-0.151,-0.702,24.797,24.578,24.609,24.641,43.850,42.350,45.850,44.850,190.1089,13.6212,-0.0926,34606.1836,1379.4375,-10.7523,0.9161,0,0,-0.08241605,-1.3732133,-9.275905
42.80,1500,1001,-1.0000,0,0,0,0,0,0,0,0,0.085,0.207,0.061,-0.101,24.812,24.719,24.625,24.734,43.850,42.350,45.850,44.850,190.1091,13.6207,0.0000,34603.9648,1379.4398,-10.7757,0.9420,0,0,-0.08272346,-0.7627751,-10.191122
43.00,1663,1001,-1.0000,255,261,273,263,0,0,0,0,2.389,2.750,3.018,2.410,24.719,24.594,24.500,24.625,43.850,42.100,45.850,44.850,190.1292,13.5592,1.0257,34601.7500,1379.3545,-10.7998,0.9565,0,0,-0.96811706,-0.7282459,-10.180258
43.20,1883,1001,-1.0000,825,838,802,838,0,0,0,0,3.074,2.561,2.770,2.365,24.578,24.453,24.375,24.500,43.600,42.350,45.600,44.850,190.2625,13.1524,3.2204,34599.5352,1379.2201,-10.8210,0.9876,0,0,0.10022925,-0.7776388,-9.726158
43.40,2000,1001,-1.0000,1195,1203,1181,1206,0,0,0,0,3.266,1.544,3.141,2.467,24.469,24.469,24.312,24.469,44.100,42.350,45.850,44.850,190.5271,12.3453,4.6654,34597.3203,1379.3755,-10.8825,1.0022,0,0,0.16607505,-0.49142224,-10.199086
43.60,1993,1001,-1.0000,1237,1242,1237,1243,0,0,0,0,1.576,1.246,1.465,0.959,24.703,24.656,24.516,24.641,43.850,42.600,45.850,44.850,190.8025,11.5056,4.8350,34595.0742,1379.6729,-10.9306,1.0021,0,0,0.47403046,-0.80450743,-9.519453
43.80,1838,1001,-1.0000,903,895,920,895,0,0,0,0,-0.794,0.489,-0.655,-0.351,24.859,24.734,24.641,24.766,43.850,42.600,45.850,44.850,191.0732,10.6804,3.5227,34593.0547,1379.8252,-10.9763,0.9989,0,0,-0.0004493938,-0.5056044,-9.728026
44.00,1721,1001,-1.0000,641,631,648,636,0,0,0,0,0.454,-1.520,-0.290,-2.219,24.797,24.734,24.594,24.781,43.850,42.350,45.850,44.850,191.2630,10.1020,2.4921,34590.5273,1379.8514,-11.0510,1.0194,0,0,0.008884677,-0.89603907,-9.477141
44.20,1595,1001,-1.0000,284,274,286,270,0,0,0,0,0.664,0.964,-0.645,0.362,24.797,24.672,24.625,24.734,43.850,42.350,45.850,44.850,191.3747,9.7615,1.0861,34588.2461,1379.8088,-11.0754,1.0311,0,0,-0.0259601,-0.70089453,-10.24547
44.40,1525,1001,-1.0000,43,52,83,76,0,0,0,0,4.871,-0.192,0.759,-3.145,24.719,24.688,24.484,24.719,43.600,42.350,45.850,44.850,191.4109,9.6513,0.2476,34585.9688,1379.6971,-11.1085,1.0649,0,0,-0.45838943,-1.2115418,-11.004971
44.60,1500,1001,-1.0000,0,0,0,0,0,0,0,0,0.080,-0.673,-0.009,-0.031,24.797,24.734,24.625,24.750,43.850,42.350,45.850,44.850,191.4148,9.6396,0.0000,34583.7109,1379.5608,-11.1000,1.0809,0,0,-0.09750129,-0.83740485,-9.957676
44.80,1500,1001,-1.0000,0,0,0,0,0,0,0,0,0.098,-0.115,0.107,0.125,24.797,24.750,24.625,24.734,43.850,42.350,45.850,44.850,191.4148,9.6396,0.0000,34581.4414,1379.5887,-11.1179,1.0908,0,0,0.15910932,-0.8771997,-9.823712
45.00,1746,1001,-1.0000,131,107,113,97,0,0,0,0,3.992,3.070,4.266,3.717,24.594,24.531,24.453,24.578,43.600,42.350,45.850,44.850,191.4175,9.6312,0.4368,34579.1719,1379.7098,-11.1491,1.0935,0,0,1.8065907,-1.0865206,-9.806637
45.20,2000,1001,-1.0000,681,723,735,707,0,0,0,0,2.830,2.357,2.779,2.416,24.578,24.469,24.391,24.516,43.850,42.350,45.850,44.850,191.5239,9.3072,2.7748,34576.9141,1379.9213,-11.1554,1.1004,0,0,0.07547515,-0.7803835,-9.617151
45.40,2000,1001,-1.0000,1234,1137,1232,1138,0,0,0,0,0.751,-0.209,0.279,0.345,24.781,24.594,24.594,24.625,43.850,42.350,45.850,44.850,191.7493,8.6205,4.6225,34574.6250,1380.2823,-11.2055,1.0799,0,0,-0.23382579,-1.0197786,-9.530777
45.60,2000,1001,-1.0000,1241,1240,1242,1241,0,0,0,0,1.642,1.591,1.407,1.387,24.703,24.656,24.531,24.656,43.850,42.350,45.850,44.850,192.0579,7.6814,4.8438,34572.3242,1380.7146,-11.2899,1.0803,0,0,-0.058031473,-0.62712204,-9.961044
45.80,2000,1001,-1.0000,1242,1238,1243,1244,0,0,0,0,0.983,1.547,1.145,1.389,24.719,24.594,24.531,24.656,43.850,42.600,45.850,44.850,192.3753,6.7152,4.8428,34570.0117,1380.9685,-11.3568,1.0748,0,0,0.06642125,-0.7675793,-9.756013
46.00,2000,1001,-1.0000,1240,1244,1241,1244,0,0,0,0,1.470,1.226,1.607,0.924,24.703,24.578,24.516,24.609,43.850,42.100,45.850,44.850,192.6521,5.8730,4.8448,34567.6797,1381.1644,-11.4219,1.0741,0,0,0.11215965,-0.8410154,-9.76444
46.20,1500,1001,-1.0000,824,856,851,820,0,0,0,0,-0.665,-0.385,-0.727,-1.195,24.844,24.734,24.656,24.781,43.850,42.350,45.850,44.850,192.9211,5.0550,3.2672,34565.3203,1381.2926,-11.4803,1.0835,0,0,0.27507415,-0.59293115,-9.351841
46.40,1500,1001,-1.0000,144,278,265,225,0,0,0,0,6.172,-0.744,0.913,0.603,24.625,24.641,24.312,24.641,43.850,42.600,45.850,44.850,193.0539,4.6513,0.8892,34562.9648,1381.2333,-11.5331,1.0987,0,0,2.393438,-2.747852,-13.144751
46.60,1500,1001,-1.0000,0,0,0,0,0,0,0,0,-0.188,0.374,-0.111,-0.292,24.812,24.703,24.625,24.734,43.850,42.350,45.850,44.850,193.0653,4.6168,0.0000,34560.3320,1380.9406,-11.5516,1.1054,0,0,-0.008259844,-0.9535766,-9.857874
46.80,1001,1001,-1.0000,-356,-388,-403,-368,0,0,0,0,1.953,2.078,2.059,1.975,24.703,24.562,24.500,24.625,43.850,42.600,45.850,44.850,193.0346,4.7099,-1.4771,34558.1641,1380.8453,-11.5859,1.1387,0,0,0.3608568,-0.43234542,-9.5057535
47.00,1001,1001,-1.0000,-926,-958,-970,-940,0,0,0,0,3.623,3.160,3.107,2.754,24.531,24.469,24.328,24.469,43.600,42.350,45.850,44.850,192.8643,5.2271,-3.6991,34555.7812,1380.6818,-11.6014,1.1653,0,0,-0.15310802,-0.78518826,-9.775634
47.20,1001,1001,-1.0000,-1240,-1230,-1239,-1231,0,0,0,0,1.950,1.958,1.727,1.386,24.688,24.625,24.484,24.609,43.850,42.350,45.850,44.850,192.5893,6.0624,-4.8253,34553.3906,1380.7991,-11.6499,1.1745,0,0,0.14259036,-0.97146463,-8.857372
47.40,1001,1001,-1.0000,-1240,-1227,-1242,-1233,0,0,0,0,1.320,1.772,1.510,0.772,24.766,24.609,24.516,24.641,43.850,42.600,45.850,44.850,192.2861,6.9828,-4.8185,34551.0078,1381.0845,-11.7429,1.1732,0,0,0.09011799,-0.7925843,-9.825063
47.60,1403,1001,-1.0000,-1230,-1220,-1212,-1229,0,0,0,0,-2.453,-3.826,-3.732,-3.793,25.000,24.969,24.891,24.984,43.850,42.350,45.850,45.100,191.9934,7.8716,-4.7687,34548.5977,1381.3531,-11.8438,1.1814,0,0,0.33826613,-0.8079396,-11.15926
47.80,1500,1001,-1.0000,-582,-612,-611,-566,0,0,0,0,-0.837,-0.790,-1.545,-1.405,24.828,24.719,24.656,24.766,43.850,42.350,45.850,44.850,191.7571,8.5893,-2.3117,34546.1992,1381.5482,-11.8629,1.1661,0,0,0.25301942,-0.5500933,-9.263184
48.00,1500,1001,-1.0000,-46,-3,-55,8,0,0,0,0,-0.159,1.573,-1.779,0.179,24.797,24.609,24.594,24.734,43.850,42.350,45.850,44.850,191.6896,8.7944,-0.0907,34543.7695,1381.5500,-11.8875,1.1912,0,0,0.6531998,-2.687064,-11.396161
48.20,1500,1001,-1.0000,6,0,0,0,0,0,0,0,0.132,-1.118,-0.124,-0.175,24.812,24.750,24.625,24.734,43.850,42.600,45.850,44.850,191.6882,8.7986,0.0058,34541.3359,1381.4899,-11.8960,1.1895,0,0,0.049152125,-0.4630002,-9.76189
48.40,1760,1001,-1.0000,165,139,146,106,0,0,0,0,3.457,3.662,3.934,3.574,24.656,24.516,24.453,24.594,43.850,42.100,45.850,44.850,191.6931,8.7837,0.5421,34538.8984,1381.3783,-11.9047,1.2038,0,0,0.63782555,-0.9485955,-9.188216
48.60,2000,1001,-1.0000,704,679,690,714,0,0,0,0,2.807,2.529,2.713,2.539,24.578,24.438,24.406,24.516,43.600,42.350,45.850,44.850,191.7934,8.4788,2.7173,34536.3984,1381.1832,-11.8752,1.2222,0,0,-0.09160265,-0.757901,-10.06955
48.80,2000,1001,-1.0000,1248,1232,1241,1228,0,0,0,0,0.400,-0.044,0.239,1.558,24.875,24.672,24.656,24.531,43.600,42.350,45.850,45.100,192.0347,7.7459,4.8253,34534.1133,1381.1763,-11.8770,1.2293,0,0,1.1760216,-0.9396427,-10.06134
49.00,2000,1001,-1.0000,1239,1243,1240,1243,0,0,0,0,1.573,1.513,1.297,1.165,24.719,24.594,24.547,24.656,43.850,42.600,45.850,44.850,192.3359,6.8321,4.8409,34531.6133,1381.5352,-11.9180,1.2238,0,0,-0.019322054,-0.9000419,-10.130729
49.20,2000,1001,-1.0000,1241,1244,1240,1245,0,0,0,0,1.100,1.514,1.597,1.098,24.719,24.594,24.516,24.672,43.850,42.350,45.850,44.850,192.6454,5.8929,4.8457,34529.2305,1381.8459,-11.9749,1.2259,0,0,0.04690383,-0.7841869,-9.584189
49.40,1732,1001,-1.0000,1074,1100,1099,1074,0,0,0,0,-1.525,-2.229,-1.885,-1.601,24.906,24.812,24.734,24.844,43.850,42.600,45.850,44.850,192.9346,5.0160,4.2383,34526.8203,1382.0580,-12.0209,1.2274,0,0,-0.6921074,-0.87174565,-10.081937
49.60,1500,1001,-1.0000,477,502,495,476,0,0,0,0,-1.325,-0.812,-1.324,-0.946,24.828,24.703,24.641,24.766,43.850,42.600,45.850,44.850,193.1250,4.4390,1.9012,34524.4922,1382.1158,-12.0507,1.2329,0,0,0.20859048,-1.0143615,-9.670252
49.80,1500,1001,-1.0000,33,-1,15,0,0,0,0,0,-0.303,-0.192,-0.161,0.187,24.781,24.750,24.609,24.719,43.600,42.350,45.850,44.850,193.1712,4.2987,0.0468,34522.0312,1381.7908,-12.0506,1.2585,0,0,0.59754944,-1.1101146,-10.769267
50.00,1500,1001,-1.0000,0,0,0,0,0,0,0,0,-0.150,0.245,0.012,-0.207,24.812,24.703,24.609,24.734,43.850,42.350,45.850,44.850,193.1710,4.2994,0.0000,34519.5586,1381.6676,-12.0834,1.2586,0,0,0.23203902,-0.6336597,-9.76633
50.20,1500,1001,-1.0000,0,0,0,0,0,0,0,0,0.127,0.419,0.021,0.143,24.812,24.703,24.609,24.734,43.850,42.350,45.850,44.850,193.1710,4.2994,0.0000,34517.0898,1381.5769,-12.1300,1.2672,0,0,0.08156395,-0.85449106,-9.773771
50.40,1500,1001,-1.0000,0,0,0,0,0,0,0,0,0.030,0.496,-0.051,-0.048,24.812,24.688,24.625,24.750,43.850,42.350,45.850,44.850,193.1710,4.2994,0.0000,34514.6016,1381.4508,-12.1753,1.2756,0,0,0.027589718,-0.82320404,-9.893634
50.60,1500,1039,-0.9218,0,0,0,0,0,0,0,0,-0.234,0.417,0.013,-0.165,24.812,24.719,24.625,24.734,43.850,42.350,45.850,44.850,193.1710,4.2994,0.0000,34512.4688,1381.3005,-12.2161,1.2879,0,0,0.031166032,-0.89373624,-9.933639
50.80,1500,1042,-0.9156,0,0,0,0,0,0,0,0,0.092,0.370,-0.004,-0.153,24.812,24.703,24.625,24.734,43.850,42.350,45.850,44.850,193.1710,4.2994,0.0000,34509.4453,1381.1056,-12.2662,1.3036,0,0,0.080657676,-0.80414426,-9.740279
51.00,1500,1042,-0.9156,0,0,0,0,0,0,0,0,-0.073,-0.141,0.008,-0.180,24.812,24.750,24.625,24.734,43.850,42.600,45.850,44.850,193.1710,4.2994,0.0000,34506.9180,1380.9202,-12.3080,1.3187,0,0,0.044841584,-0.8190339,-9.796083
51.20,1500,1040,-0.9198,0,0,0,0,0,0,0,0,0.014,0.142,-0.039,-0.039,24.797,24.703,24.625,24.734,43.850,42.350,45.850,44.850,193.1710,4.2994,0.0000,34504.4844,1380.7584,-12.3474,1.3318,0,0,0.03930011,-0.73424774,-9.840026
51.40,1500,1025,-0.9506,0,0,0,0,0,0,0,0,0.064,-0.754,-0.084,-0.032,24.797,24.734,24.625,24.734,43.850,42.350,45.850,44.850,193.1710,4.2994,0.0000,34501.9336,1380.5609,-12.3982,1.3459,0,0,0.008448085,-0.8011404,-9.842478
51.60,1500,1006,-0.9897,0,0,0,0,0,0,0,0,-0.148,0.292,-0.046,0.165,24.812,24.703,24.625,24.734,43.850,42.350,45.850,44.850,193.1710,4.2994,0.0000,34499.3750,1380.3750,-12.4465,1.3609,0,0,0.038531225,-0.83267456,-9.75722
51.80,1500,1001,-1.0000,0,0,0,0,0,0,0,0,0.014,-0.080,-0.146,0.149,24.797,24.750,24.625,24.750,43.850,42.600,45.850,44.850,193.1710,4.2994,0.0000,34496.8203,1380.2294,-12.4892,1.3738,0,0,0.045673236,-0.82822174,-9.78487
52.00,1500,1021,-0.9588,0,0,0,0,0,0,0,0,-0.090,0.306,0.032,-0.117,24.812,24.672,24.625,24.734,43.600,42.600,45.850,44.850,193.1710,4.2994,0.0000,34494.1250,1380.0367,-12.5360,1.3915,0,0,0.01587118,-0.85070914,-9.815719
52.20,1500,1020,-0.9609,0,0,0,0,0,0,0,0,0.189,0.418,0.045,-0.060,24.797,24.688,24.625,24.734,43.850,42.350,45.850,44.850,193.1710,4.2994,0.0000,34491.6836,1379.8469,-12.5748,1.4070,0,0,0.031675752,-0.8225964,-9.773845
52.40,1500,1020,-0.9609,0,0,0,0,0,0,0,0,0.096,-0.485,-0.030,0.165,24.812,24.719,24.625,24.734,43.600,42.600,45.850,44.850,193.1710,4.2994,0.0000,34489.1133,1379.6947,-12.6130,1.4219,0,0,0.030473806,-0.8262866,-9.848586
52.60,1500,1020,-0.9609,0,0,0,0,0,0,0,0,0.069,-0.861,-0.021,-0.174,24.812,24.734,24.625,24.750,43.600,42.350,45.850,44.850,193.1710,4.2994,0.0000,34486.5469,1379.5698,-12.6544,1.4357,0,0,0.027235597,-0.78736436,-9.778905
52.80,1500,1020,-0.9630,0,0,0,0,0,0,0,0,0.155,0.275,-0.085,-0.117,24.797,24.719,24.625,24.734,43.850,42.350,45.850,44.850,193.1710,4.2994,0.0000,34483.9688,1379.3820,-12.6917,1.4490,0,0,0.0054026623,-0.7842486,-9.799945
53.00,1500,1020,-0.9609,0,0,0,0,0,0,0,0,-0.121,0.078,-0.044,-0.086,24.797,24.719,24.625,24.734,43.850,42.350,45.850,44.850,193.1710,4.2994,0.0000,34481.3789,1379.1594,-12.7367,1.4638,0,0,0.0062920945,-0.7995223,-9.806922
53.20,1538,1020,-0.9609,0,0,0,0,0,0,0,0,-0.048,0.582,0.078,0.198,24.812,24.703,24.625,24.734,43.850,42.350,45.850,44.850,193.1710,4.2994,0.0000,34478.7891,1378.9716,-12.7757,1.4777,0,0,0.023110513,-0.8239672,-9.766536
53.40,1927,1020,-0.9630,483,463,475,443,0,0,0,0,2.459,2.811,2.660,2.439,24.656,24.625,24.469,24.594,43.850,42.350,45.850,44.850,193.2155,4.1649,1.8174,34476.1992,1378.8054,-12.8181,1.4904,0,0,-0.06769974,-0.83617043,-10.020627
53.60,2000,1020,-0.9609,1051,1035,1045,1079,0,0,0,0,3.490,3.066,4.074,3.018,24.500,24.359,24.297,24.438,43.850,42.100,45.850,44.850,193.4171,3.5548,4.1047,34473.6602,1378.6741,-12.8648,1.5063,0,0,-0.005665435,-0.90613085,-9.630746
53.80,1989,1020,-0.9609,1139,1237,1145,1239,0,0,0,0,2.707,1.245,2.059,1.143,24.688,24.594,24.500,24.656,43.850,42.100,45.850,44.850,193.7047,2.6848,4.6410,34470.9648,1378.8503,-12.9430,1.5224,0,0,-0.6755698,-0.47577387,-9.043629
54.00,2000,1020,-0.9609,1107,1243,1115,1243,0,0,0,0,2.273,1.781,3.617,1.200,24.672,24.453,24.375,24.531,43.850,42.350,45.850,44.850,193.9945,1.8077,4.5903,34468.3828,1379.0188,-13.0051,1.5186,0,0,0.35693866,-0.6639451,-9.988148
54.20,2000,1019,-0.9630,1128,1241,1135,1246,0,0,0,0,0.986,1.529,0.437,1.225,24.734,24.609,24.562,24.672,43.850,42.350,45.850,44.850,194.2796,0.9448,4.6507,34465.7773,1379.0343,-13.0503,1.5155,0,0,0.11536849,-1.0655972,-9.881483
54.40,2000,1019,-0.9630,1106,1240,1106,1245,0,0,0,0,1.406,1.166,0.742,1.103,24.719,24.578,24.516,24.641,43.850,42.600,45.850,44.850,194.5863,0.0167,4.5796,34463.1562,1379.0868,-13.1099,1.5204,0,0,0.009502374,-0.86493313,-9.793769
54.60,2000,1019,-0.9630,1120,1245,1118,1246,0,0,0,0,1.446,1.393,1.792,1.385,24.688,24.625,24.516,24.641,43.600,42.350,45.850,44.850,194.8581,-0.8060,4.6108,34460.6680,1379.0515,-13.1575,1.5240,0,0,0.053046715,-0.88635343,-9.767798
54.80,2000,1019,-0.9630,1204,1248,1204,1246,0,0,0,0,4.898,0.957,4.449,0.987,24.547,24.469,24.391,24.516,43.850,42.100,45.850,45.100,195.1499,-1.6889,4.7716,34458.0312,1379.2133,-13.2144,1.5241,0,0,0.09737705,-0.91688436,-10.297003
55.00,2000,1019,-0.9630,1243,1245,1242,1247,0,0,0,0,0.718,1.665,0.239,1.668,24.750,24.688,24.562,24.672,43.850,42.350,45.850,44.850,195.4560,-2.6154,4.8526,34455.3906,1379.4210,-13.2630,1.5224,0,0,0.06092013,-0.9185821,-9.713178
55.20,2000,1019,-0.9630,1195,1247,1198,1248,0,0,0,0,1.498,1.340,1.706,1.367,24.703,24.578,24.516,24.641,43.850,42.350,45.850,44.850,195.7547,-3.5190,4.7658,34452.7383,1379.6799,-13.3341,1.5240,0,0,0.0041431175,-0.8978719,-9.506481
55.40,2000,1019,-0.9630,1190,1246,1189,1247,0,0,0,0,1.264,1.252,1.913,1.479,24.719,24.656,24.516,24.641,43.850,42.600,45.850,44.850,196.0587,-4.4389,4.7522,34450.0664,1379.7347,-13.3975,1.5233,0,0,-0.15857874,-0.7811668,-9.675795
55.60,2000,1019,-0.9630,1183,1247,1180,1248,0,0,0,0,1.714,1.642,1.532,1.400,24.688,24.672,24.531,24.625,43.850,42.350,45.850,44.850,196.3729,-5.3895,4.7365,34447.2500,1379.7687,-13.4621,1.5272,0,0,0.081098326,-0.84822,-9.639666
55.80,1704,1019,-0.9630,962,1033,989,1051,0,0,0,0,-1.824,-0.835,-2.320,-0.884,24.859,24.766,24.703,24.828,43.850,42.350,45.850,44.850,196.6411,-6.2009,3.9341,34444.5547,1379.8546,-13.5230,1.5297,0,0,-0.49078852,-0.35388342,-10.059162
56.00,1500,1019,-0.9630,359,447,383,463,0,0,0,0,-0.274,-0.501,-0.465,-1.339,24.812,24.750,24.625,24.750,43.850,42.350,45.850,44.850,196.8138,-6.7233,1.6107,34441.8281,1379.8030,-13.5645,1.5325,0,0,-0.0010223386,-0.725058,-9.678981
56.20,1500,1019,-0.9630,0,-8,5,0,0,0,0,0,0.113,0.379,-0.048,0.113,24.812,24.719,24.609,24.734,43.850,42.350,45.850,44.850,196.8452,-6.8182,-0.0029,34439.1602,1379.3867,-13.5951,1.5449,0,0,0.045669444,-0.7775993,-9.863992
56.40,1730,1018,-0.9630,53,33,15,85,0,0,0,0,4.598,6.309,7.668,3.490,24.594,24.406,24.344,24.547,43.850,42.350,45.850,44.850,196.8460,-6.8204,0.1813,34436.3828,1378.6283,-13.6486,1.5555,0,0,0.7116108,-0.88847643,-8.69671
56.60,1940,1019,-0.9650,729,722,708,698,0,0,0,0,2.838,2.773,2.590,2.443,24.578,24.453,24.391,24.500,43.850,42.350,45.850,44.850,196.9558,-7.1523,2.7856,34433.6250,1377.8373,-13.6663,1.5728,0,0,0.09157092,-0.85698384,-9.979992
56.80,2000,1019,-0.9630,1226,1255,1253,1260,0,0,0,0,0.971,-0.555,-0.963,-1.553,24.734,24.781,24.703,24.797,43.850,42.350,45.850,44.850,197.1895,-7.8581,4.8028,34430.8828,1377.6672,-13.7020,1.5722,0,0,0.9871008,-0.82405776,-9.384433
57.00,1893,1019,-0.9609,1238,1247,1238,1245,0,0,0,0,-0.340,1.166,1.487,1.066,24.797,24.594,24.531,24.641,43.850,42.100,45.850,44.850,197.4875,-8.7575,4.8438,34428.0625,1378.1202,-13.7701,1.5645,0,0,0.72645205,-1.4059161,-9.934668
57.20,1500,1019,-0.9630,675,702,697,661,0,0,0,0,-0.571,-1.293,-1.205,-1.167,24.828,24.766,24.656,24.781,43.850,42.600,45.850,44.850,197.7418,-9.5245,2.6666,34425.4961,1378.4763,-13.8471,1.5713,0,0,0.14249039,-1.0031357,-9.665765
57.40,1500,1019,-0.9630,1,73,17,65,0,0,0,0,13.188,3.449,0.358,-1.010,24.391,24.547,24.500,24.438,43.850,42.350,45.600,44.850,197.8324,-9.7977,0.3968,34422.7031,1378.2373,-13.8843,1.5714,0,0,-2.1015472,2.3063092,-9.546219
57.60,1500,1019,-0.9630,0,0,0,0,0,0,0,0,0.089,-0.714,0.079,0.111,24.797,24.734,24.625,24.734,43.850,42.350,45.850,44.850,197.8348,-9.8051,0.0000,34419.8867,1377.7855,-13.9109,1.5866,0,0,0.08257006,-0.7229059,-9.921245
57.80,1918,1019,-0.9630,236,284,304,272,0,0,0,0,2.594,2.154,2.098,2.168,24.672,24.531,24.500,24.562,43.850,42.600,45.850,44.850,197.8503,-9.8517,1.0686,34417.1484,1377.9572,-13.9173,1.6210,0,0,0.079098456,-1.1937053,-9.338677
58.00,2000,1019,-0.9630,832,813,831,798,0,0,0,0,3.021,2.764,3.066,2.645,24.547,24.484,24.375,24.484,43.850,42.350,45.600,44.850,197.9798,-10.2420,3.1921,34414.3789,1378.1107,-13.9305,1.6324,0,0,-0.0028180906,-0.9077662,-9.843538
58.20,2000,1019,-0.9630,1258,1262,1260,1256,0,0,0,0,0.483,-0.331,-0.231,0.723,24.812,24.766,24.641,24.719,43.850,42.350,45.850,44.850,198.2541,-11.0685,4.9228,34411.6484,1378.5380,-13.9659,1.6293,0,0,-0.9150919,-0.6651411,-10.166227
58.40,2000,1019,-0.9630,1242,1242,1242,1244,0,0,0,0,1.499,1.535,1.364,0.900,24.703,24.594,24.531,24.609,43.850,42.600,45.850,44.850,198.5753,-12.0360,4.8457,34408.9297,1379.0715,-14.0503,1.6354,0,0,0.07669552,-0.91772544,-9.900754
58.60,1920,1019,-0.9630,1242,1238,1242,1244,0,0,0,0,1.719,-1.563,1.218,0.917,24.703,24.797,24.516,24.641,43.850,42.600,45.850,44.850,198.8677,-12.9165,4.8418,34406.0703,1379.2153,-14.0908,1.6375,0,0,1.3711617,-0.86437434,-10.180614
58.80,1500,1019,-0.9630,647,670,659,700,0,0,0,0,-1.182,-0.872,-1.310,-1.367,24.844,24.781,24.656,24.766,43.850,42.350,45.850,44.850,199.1149,-13.6606,2.6091,34403.2734,1379.1686,-14.1425,1.6392,0,0,-0.04922973,-0.8652467,-10.282413
59.00,1500,1019,-0.9630,157,67,68,118,0,0,0,0,5.160,5.195,0.121,3.363,24.750,24.625,24.547,24.672,43.850,42.350,45.850,44.850,199.2040,-13.9289,0.3997,34400.4023,1378.9053,-14.1586,1.6338,0,0,0.60921854,-2.3741913,-10.120753
59.20,1500,1019,-0.9630,0,0,0,0,0,0,0,0,-0.178,-0.067,-0.027,0.159,24.812,24.734,24.625,24.734,43.850,42.600,45.850,44.850,199.2050,-13.9320,0.0000,34397.5391,1378.3038,-14.1948,1.6561,0,0,-0.056235723,-0.6249462,-9.920308
59.40,1082,1019,-0.9630,-97,-115,-137,-101,0,0,0,0,4.703,4.129,3.609,2.957,24.641,24.531,24.438,24.562,43.600,42.350,45.850,44.850,199.2016,-13.9217,-0.4387,34394.7344,1377.6740,-14.2039,1.6839,0,0,-0.42884633,-1.0996491,-10.317909
59.60,1001,1019,-0.9630,-760,-733,-734,-709,0,0,0,0,2.670,2.527,2.697,2.836,24.578,24.500,24.391,24.516,43.850,42.350,45.850,44.850,199.0944,-13.5994,-2.7524,34391.9922,1377.1198,-14.2140,1.7012,0,0,0.093092464,-0.7545617,-9.757612
59.80,1001,1019,-0.9630,-1244,-1257,-1260,-1264,0,0,0,0,-1.015,-1.463,-1.312,-1.736,24.859,24.781,24.750,24.812,43.850,42.600,45.850,44.850,198.8376,-12.8270,-4.8994,34389.1836,1376.9058,-14.2607,1.7163,0,0,-0.28161588,-0.6664715,-10.221224
60.00,1001,1019,-0.9630,-1240,-1243,-1242,-1244,0,0,0,0,1.345,1.133,1.563,1.247,24.719,24.625,24.531,24.656,43.600,42.350,46.100,44.850,198.5253,-11.8871,-4.8448,34386.4336,1377.4073,-14.3136,1.7136,0,0,0.26830876,-0.82293963,-9.532623
60.20,1001,1019,-0.9630,-1241,-1241,-1238,-1244,0,0,0,0,1.774,1.322,1.599,1.594,24.703,24.594,24.531,24.625,43.600,42.600,45.850,44.850,198.2276,-10.9914,-4.8399,34383.6406,1377.7771,-14.3629,1.7140,0,0,-0.042089187,-0.63841546,-10.020644
60.40,1001,1019,-0.9630,-1243,-1246,-1242,-1244,0,0,0,0,1.545,1.432,1.481,1.265,24.703,24.578,24.516,24.625,43.850,42.350,45.850,44.850,197.9067,-10.0259,-4.8506,34380.6641,1377.9127,-14.4213,1.7157,0,0,0.04434078,-0.6923029,-9.69225
60.60,1500,1019,-0.9630,-857,-876,-874,-890,0,0,0,0,-0.387,-1.232,-0.320,-0.712,24.844,24.750,24.641,24.750,43.850,42.350,45.850,44.850,197.6483,-9.2481,-3.4642,34377.9609,1377.8323,-14.4701,1.7170,0,0,-0.13631,-1.009162,-10.498025
60.80,1500,1019,-0.9630,-216,-296,-293,-321,0,0,0,0,6.508,-1.324,-0.634,-1.187,24.562,24.391,24.406,24.734,43.600,42.350,45.850,44.850,197.5025,-8.8089,-1.3338,34374.9180,1377.5823,-14.5088,1.7226,0,0,1.724324,-1.6015849,-10.121475
61.00,1500,1019,-0.9630,0,0,0,0,0,0,0,0,0.086,0.431,0.011,0.138,24.797,24.656,24.609,24.734,43.850,42.600,45.850,44.850,197.4836,-8.7521,0.0000,34371.9688,1377.0673,-14.5246,1.7343,0,0,-0.29143384,-0.98631334,-10.337998
61.20,1539,1019,-0.9630,0,0,0,0,0,0,0,0,0.081,-0.286,0.053,0.092,24.797,24.672,24.625,24.734,43.850,42.350,45.850,44.850,197.4836,-8.7521,0.0000,34369.0312,1377.0764,-14.5519,1.7374,0,0,0.13342334,-0.7157914,-9.635293
61.40,2000,1019,-0.9630,509,494,496,470,0,0,0,0,2.475,2.377,2.643,2.418,24.609,24.516,24.438,24.578,43.850,42.350,45.850,44.850,197.5361,-8.9102,1.9198,34366.0234,1376.4038,-14.5761,1.7424,0,0,0.1683034,-0.91077685,-10.094157
61.60,2000,1019,-0.9630,1081,1065,1064,1105,0,0,0,0,3.764,3.115,3.635,3.127,24.469,24.422,24.312,24.406,43.850,42.350,45.850,44.850,197.7423,-9.5314,4.2071,34363.0938,1376.1056,-14.6001,1.7501,0,0,0.013113624,-0.8718961,-9.712284
61.80,2000,1019,-0.9630,1237,1239,1234,1238,0,0,0,0,1.359,1.134,1.658,1.548,24.672,24.625,24.500,24.594,43.850,42.350,45.850,44.850,198.0453,-10.4434,4.8243,34360.2539,1376.3477,-14.6683,1.7610,0,0,0.41309652,-0.372976,-9.470388
62.00,2000,1019,-0.9630,1237,1235,1239,1245,0,0,0,0,1.713,2.004,1.731,0.868,24.703,24.562,24.500,24.625,43.850,42.350,45.850,44.850,198.3474,-11.3529,4.8321,34357.4297,1376.5338,-14.7319,1.7548,0,0,0.122379266,-0.37868795,-9.827386
62.20,2000,1019,-0.9630,1238,1244,1243,1245,0,0,0,0,1.838,1.554,1.824,1.058,24.703,24.656,24.531,24.641,43.600,42.350,45.850,44.850,198.6357,-12.2210,4.8457,34354.5508,1376.6074,-14.7917,1.7538,0,0,0.0958218,-0.696709,-9.796419
62.40,2000,1019,-0.9630,1240,1244,1245,1245,0,0,0,0,1.501,1.132,1.428,1.093,24.703,24.641,24.516,24.641,43.600,42.350,45.850,44.850,198.9611,-13.2009,4.8497,34351.6758,1376.6451,-14.8441,1.7536,0,0,0.04355086,-0.6836255,-9.9195175
62.60,2000,1019,-0.9630,1243,1241,1244,1247,0,0,0,0,1.759,1.521,1.794,0.813,24.688,24.578,24.516,24.625,43.850,42.350,45.850,44.850,199.2557,-14.0879,4.8506,34348.7891,1376.6238,-14.8915,1.7552,0,0,-0.033571426,-0.62053406,-9.902372
62.80,1500,1019,-0.9630,743,770,767,788,0,0,0,0,-1.058,-0.991,-1.188,-1.211,24.844,24.719,24.656,24.781,43.850,42.350,45.850,44.850,199.5206,-14.8849,2.9913,34345.8945,1376.4034,-14.9333,1.7665,0,0,0.33131927,-0.9501959,-9.318779
63.00,1500,1019,-0.9630,142,108,177,133,0,0,0,0,0.459,1.598,6.082,8.266,24.438,24.391,24.469,24.203,43.850,42.350,45.850,44.850,199.6308,-15.2167,0.5460,34342.8867,1375.6768,-14.9704,1.7686,0,0,-0.42366317,-0.6419358,-12.660668
63.20,1500,1018,-0.9650,0,0,0,0,0,0,0,0,0.028,0.458,0.136,0.248,24.812,24.672,24.625,24.734,43.850,42.600,45.850,44.850,199.6395,-15.2428,0.0000,34339.8711,1374.9741,-14.9615,1.7779,0,0,0.62223095,-1.2570302,-10.04697
63.40,1500,1019,-0.9630,0,0,0,0,0,0,0,0,-0.143,0.397,0.055,-0.218,24.797,24.672,24.625,24.734,43.600,42.350,45.850,44.850,199.6395,-15.2428,0.0000,34336.9883,1374.0486,-14.9978,1.7747,0,0,0.1895676,-0.8384382,-9.707791
63.60,1500,1019,-0.9630,0,0,0,0,0,0,0,0,0.104,0.447,-0.028,0.124,24.797,24.688,24.609,24.734,43.850,42.350,45.850,44.850,199.6395,-15.2428,0.0000,34334.0977,1372.9758,-15.0220,1.7750,0,0,-0.03976502,-0.7449874,-9.830759
63.80,1500,1019,-0.9630,0,0,0,0,0,0,0,0,0.091,-0.784,-0.095,0.159,24.797,24.719,24.609,24.734,43.850,42.350,45.850,44.850,199.6395,-15.2428,0.0000,34331.1250,1371.8168,-15.0424,1.7808,0,0,0.00966045,-0.7575942,-9.868967
64.00,1500,1019,-0.9630,0,0,0,0,0,0,0,0,-0.082,0.393,-0.064,-0.085,24.797,24.672,24.609,24.734,43.850,42.350,45.850,44.850,199.6395,-15.2428,0.0000,34328.1289,1370.6919,-15.0608,1.7888,0,0,0.07514626,-0.7689793,-9.79651
64.20,1500,1019,-0.9630,0,0,0,0,0,0,0,0,-0.040,-0.882,-0.080,0.097,24.812,24.750,24.625,24.734,43.850,42.350,45.850,44.850,199.6395,-15.2428,0.0000,34325.1289,1369.6171,-15.0790,1.7978,0,0,0.049821846,-0.77932435,-9.8079815
64.40,1500,1019,-0.9630,0,0,0,0,0,0,0,0,-0.105,0.429,0.035,0.027,24.812,24.672,24.625,24.734,43.850,42.350,45.850,44.850,199.6395,-15.2428,0.0000,34322.1328,1368.5326,-15.0959,1.8091,0,0,0.05543618,-0.8309455,-9.808107
64.60,1500,1019,-0.9630,0,0,0,0,0,0,0,0,0.034,0.181,-0.021,-0.173,24.812,24.719,24.625,24.734,43.850,42.350,45.850,44.850,199.6395,-15.2428,0.0000,34319.1289,1367.5470,-15.1162,1.8188,0,0,0.051186297,-0.8419644,-9.82075
64.80,1500,1019,-0.9630,0,0,0,0,0,0,0,0,0.034,-0.297,-0.037,-0.145,24.797,24.703,24.625,24.734,43.850,42.350,45.850,44.850,199.6395,-15.2428,0.0000,34316.1328,1366.6577,-15.1397,1.8280,0,0,0.02817952,-0.8199367,-9.79731
65.00,1500,1019,-0.9630,0,0,0,0,0,0,0,0,0.098,0.068,-0.070,-0.159,24.812,24.734,24.625,24.734,43.850,42.350,45.850,44.850,199.6395,-15.2428,0.0000,34313.1406,1365.7081,-15.1608,1.8364,0,0,0.028579034,-0.8209886,-9.746117
65.20,1500,1019,-0.9630,0,0,0,0,0,0,0,0,0.047,-0.361,-0.008,0.012,24.797,24.703,24.625,24.734,43.850,42.350,45.850,44.850,199.6395,-15.2428,0.0000,34310.1562,1364.7108,-15.1819,1.8456,0,0,0.05343686,-0.80128163,-9.781127
65.40,1500,1019,-0.9630,0,0,0,0,0,0,0,0,-0.080,0.190,0.020,0.124,24.797,24.734,24.625,24.734,43.850,42.350,45.850,44.850,199.6395,-15.2428,0.0000,34307.1602,1363.5585,-15.1967,1.8528,0,0,-0.0028659103,-0.7458772,-9.805333
65.60,1500,1019,-0.9630,0,0,0,0,0,0,0,0,-0.034,0.276,-0.043,0.236,24.812,24.719,24.625,24.734,43.850,42.350,45.850,44.850,199.6395,-15.2428,0.0000,34304.1484,1362.5007,-15.2088,1.8615,0,0,0.05252276,-0.7796026,-9.824464
65.80,1500,1019,-0.9630,0,0,0,0,0,0,0,0,-0.136,-0.469,-0.104,0.072,24.797,24.766,24.609,24.734,43.850,42.600,45.850,44.850,199.6395,-15.2428,0.0000,34301.1406,1361.4780,-15.2187,1.8695,0,0,0.034705292,-0.8232826,-9.778477
66.00,1500,1019,-0.9630,0,0,0,0,0,0,0,0,0.028,-0.514,-0.088,0.212,24.812,24.703,24.625,24.734,43.850,42.600,45.850,44.850,199.6395,-15.2428,0.0000,34298.1406,1360.3009,-15.2316,1.8779,0,0,0.069434725,-0.788718,-9.786181
66.20,1500,1019,-0.9630,0,0,0,0,0,0,0,0,0.170,0.268,0.077,0.204,24.797,24.703,24.625,24.734,43.850,42.350,45.850,44.850,199.6395,-15.2428,0.0000,34295.1875,1358.9785,-15.2441,1.8882,0,0,0.054436516,-0.8116113,-9.784741
66.40,1500,1019,-0.9630,0,0,0,0,0,0,0,0,0.102,0.379,0.045,-0.111,24.797,24.688,24.625,24.734,43.850,42.350,45.850,44.850,199.6395,-15.2428,0.0000,34292.1914,1357.7170,-15.2579,1.8968,0,0,0.015243545,-0.8233296,-9.7994375
66.60,1500,1019,-0.9630,0,0,0,0,0,0,0,0,0.140,-0.243,0.051,-0.104,24.812,24.750,24.609,24.734,43.850,42.350,45.850,44.850,199.6395,-15.2428,0.0000,34289.2070,1356.6378,-15.2773,1.9029,0,0,0.046963703,-0.83225137,-9.773224
66.80,1500,1019,-0.9630,0,0,0,0,0,0,0,0,-0.068,-0.096,-0.028,0.159,24.812,24.750,24.625,24.734,43.850,42.350,45.850,44.850,199.6395,-15.2428,0.0000,34286.2227,1355.5652,-15.2930,1.9085,0,0,0.035271786,-0.8113994,-9.79352
67.00,1500,1019,-0.9630,0,0,0,0,0,0,0,0,0.026,-0.099,-0.065,0.091,24.812,24.688,24.625,24.734,43.850,42.600,45.850,44.850,199.6395,-15.2428,0.0000,34283.0977,1354.5577,-15.3133,1.9151,0,0,0.014945785,-0.78290737,-9.803421
67.20,1500,1019,-0.9630,0,0,0,0,0,0,0,0,0.085,-0.110,-0.048,0.195,24.812,24.734,24.625,24.734,43.850,42.350,45.850,44.850,199.6395,-15.2428,0.0000,34280.2852,1353.6183,-15.3322,1.9197,0,0,0.0401124,-0.7891604,-9.782936
67.40,1500,1019,-0.9630,0,0,0,0,0,0,0,0,0.049,-0.712,-0.067,-0.212,24.797,24.766,24.625,24.750,43.850,42.350,45.850,44.850,199.6395,-15.2428,0.0000,34277.2930,1352.6593,-15.3521,1.9238,0,0,0.0105343675,-0.80399466,-9.794483
67.60,1500,1019,-0.9630,0,0,0,0,0,0,0,0,-0.151,0.402,0.040,0.185,24.812,24.719,24.625,24.734,43.850,42.350,45.850,44.850,199.6395,-15.2428,0.0000,34274.3359,1351.6604,-15.3692,1.9284,0,0,0.041029558,-0.79884136,-9.802493
67.80,1500,1019,-0.9630,0,0,0,0,0,0,0,0,-0.147,0.164,0.042,-0.225,24.797,24.688,24.625,24.734,43.850,42.350,45.850,44.850,199.6395,-15.2428,0.0000,34271.3750,1350.5978,-15.3828,1.9330,0,0,0.017835885,-0.80375874,-9.7898245
68.00,1500,1019,-0.9630,0,0,0,0,0,0,0,0,0.116,0.391,-0.038,0.065,24.812,24.719,24.625,24.734,43.850,42.600,45.850,44.850,199.6395,-15.2428,0.0000,34268.4062,1349.5145,-15.3912,1.9371,0,0,0.05484921,-0.8345945,-9.851651
68.20,1500,1019,-0.9630,0,0,0,0,0,0,0,0,-0.142,-0.192,-0.010,0.175,24.797,24.734,24.625,24.734,43.850,42.600,45.850,44.850,199.6395,-15.2428,0.0000,34265.4023,1348.4598,-15.4002,1.9397,0,0,0.016266769,-0.834282,-9.784534
68.40,1500,1019,-0.9630,0,0,0,0,0,0,0,0,0.062,-0.939,-0.057,-0.037,24.797,24.750,24.625,24.734,43.850,42.600,45.850,44.850,199.6395,-15.2428,0.0000,34262.6094,1347.2386,-15.4110,1.9431,0,0,0.023751384,-0.8107396,-9.802112
68.60,1500,1018,-0.9630,0,0,0,0,0,0,0,0,0.137,0.359,-0.008,0.019,24.797,24.703,24.625,24.734,43.850,42.350,45.850,44.850,199.6395,-15.2428,0.0000,34259.5312,1345.8174,-15.4211,1.9466,0,0,0.017153502,-0.78808004,-9.811125
68.80,1500,1019,-0.9650,0,0,0,0,0,0,0,0,0.094,0.428,-0.048,-0.102,24.797,24.688,24.625,24.734,43.850,42.600,45.850,44.850,199.6395,-15.2428,0.0000,34256.6094,1344.4166,-15.4322,1.9485,0,0,0.04269898,-0.79998606,-9.819393
69.00,1500,1019,-0.9630,0,0,0,0,0,0,0,0,0.103,-0.061,0.065,0.189,24.797,24.719,24.625,24.734,43.850,42.350,45.850,44.850,199.6395,-15.2428,0.0000,34253.7070,1343.0756,-15.4474,1.9487,0,0,0.034921136,-0.794367,-9.81015
69.20,1500,1019,-0.9630,0,0,0,0,0,0,0,0,-0.097,0.250,-0.073,0.194,24.812,24.688,24.625,24.734,43.850,42.350,45.850,44.850,199.6395,-15.2428,0.0000,34250.8008,1341.7999,-15.4585,1.9490,0,0,0.03836275,-0.7932377,-9.8082485
69.40,1500,1019,-0.9630,0,0,0,0,0,0,0,0,0.071,0.205,-0.028,0.246,24.812,24.672,24.625,24.734,43.850,42.350,45.850,44.850,199.6395,-15.2428,0.0000,34247.9062,1340.5155,-15.4748,1.9499,0,0,0.024132065,-0.813192,-9.790893
69.60,1500,1019,-0.9630,0,0,0,0,0,0,0,0,-0.129,-0.094,-0.075,-0.025,24.812,24.703,24.625,24.750,43.850,42.350,45.850,44.850,199.6395,-15.2428,0.0000,34245.0078,1339.2942,-15.4920,1.9509,0,0,0.06118592,-0.8082873,-9.817317
69.80,1500,1019,-0.9630,0,0,0,0,0,0,0,0,-0.101,-0.171,0.020,-0.166,24.812,24.734,24.625,24.750,43.850,42.350,45.850,44.850,199.6395,-15.2428,0.0000,34242.1172,1338.0803,-15.5086,1.9511,0,0,0.041244537,-0.82310057,-9.815943
70.00,1500,1019,-0.9630,0,0,0,0,0,0,0,0,0.077,-0.172,-0.069,-0.042,24.797,24.766,24.625,24.750,43.850,42.350,45.850,44.850,199.6395,-15.2428,0.0000,34239.2500,1336.7319,-15.5217,1.9508,0,0,0.033532444,-0.79704076,-9.798422
70.20,1500,1019,-0.9630,0,0,0,0,0,0,0,0,0.036,0.280,-0.026,-0.284,24.812,24.672,24.625,24.750,43.850,42.350,45.850,44.850,199.6395,-15.2428,0.0000,34236.3633,1335.3862,-15.5281,1.9484,0,0,0.035077885,-0.78484815,-9.788009
70.40,1500,1019,-0.9630,0,0,0,0,0,0,0,0,-0.124,0.345,0.027,0.113,24.797,24.688,24.625,24.734,43.850,42.350,45.850,44.850,199.6395,-15.2428,0.0000,34233.4844,1333.9659,-15.5345,1.9455,0,0,0.022903297,-0.8307561,-9.8335
70.60,1500,1019,-0.9630,0,0,0,0,0,0,0,0,-0.186,-0.615,-0.054,0.183,24.812,24.734,24.625,24.734,43.850,42.600,45.850,44.850,199.6395,-15.2428,0.0000,34230.6172,1332.5868,-15.5407,1.9416,0,0,0.029756311,-0.8134231,-9.797149
70.80,1500,1019,-0.9630,0,0,0,0,0,0,0,0,-0.258,-0.989,0.003,0.066,24.812,24.750,24.625,24.734,43.850,42.600,45.850,44.850,199.6395,-15.2428,0.0000,34227.7852,1331.0929,-15.5513,1.9369,0,0,0.021764806,-0.7752577,-9.787943
71.00,1500,1019,-0.9630,0,0,0,0,0,0,0,0,-0.155,0.305,0.026,-0.094,24.812,24.688,24.625,24.750,43.850,42.350,45.850,44.850,199.6395,-15.2428,0.0000,34224.9570,1329.5979,-15.5602,1.9329,0,0,0.05319792,-0.8010745,-9.794817
71.20,1500,1019,-0.9630,0,0,0,0,0,0,0,0,-0.081,-0.953,0.044,-0.225,24.812,24.734,24.625,24.750,43.850,42.600,45.850,44.850,199.6395,-15.2428,0.0000,34222.0742,1328.2406,-15.5703,1.9269,0,0,0.037218396,-0.7977277,-9.808877
71.40,1500,1019,-0.9630,0,0,0,0,0,0,0,0,-0.220,-0.146,0.046,0.139,24.812,24.750,24.625,24.750,43.850,42.350,45.850,44.850,199.6395,-15.2428,0.0000,34219.2266,1326.9849,-15.5833,1.9231,0,0,0.041751675,-0.7977406,-9.795357
71.60,1500,1019,-0.9630,0,0,0,0,0,0,0,0,0.115,-0.047,0.023,0.076,24.812,24.750,24.625,24.750,43.850,42.350,45.850,44.850,199.6395,-15.2428,0.0000,34216.3398,1325.9448,-15.6005,1.9194,0,0,0.04216122,-0.80695635,-9.828572
71.80,1500,1019,-0.9630,0,0,0,0,0,0,0,0,0.122,0.309,-0.013,-0.123,24.812,24.719,24.625,24.750,43.850,42.350,45.850,44.850,199.6395,-15.2428,0.0000,34213.4766,1324.7770,-15.6123,1.9147,0,0,0.039772913,-0.7869051,-9.759998
72.00,1500,1019,-0.9630,0,0,0,0,0,0,0,0,-0.136,0.345,0.003,-0.221,24.812,24.688,24.641,24.734,43.850,42.600,45.850,44.850,199.6395,-15.2428,0.0000,34210.7578,1323.7534,-15.6245,1.9092,0,0,0.04659158,-0.79887056,-9.823801
72.20,1500,1019,-0.9630,0,0,0,0,0,0,0,0,0.071,-0.616,0.076,0.190,24.812,24.719,24.625,24.750,43.850,42.600,45.850,44.850,199.6395,-15.2428,0.0000,34207.9180,1322.7156,-15.6435,1.9030,0,0,0.05878567,-0.83048713,-9.802162
72.40,1500,1018,-0.9650,0,0,0,0,0,0,0,0,0.025,0.363,0.043,0.152,24.797,24.703,24.625,24.734,43.850,42.350,45.850,44.850,199.6395,-15.2428,0.0000,34205.0703,1321.6455,-15.6591,1.8960,0,0,0.022476686,-0.79344314,-9.793333
72.60,1500,1019,-0.9630,0,0,0,0,0,0,0,0,-0.126,-0.347,-0.023,-0.053,24.812,24.750,24.625,24.750,43.850,42.600,45.850,44.850,199.6395,-15.2428,0.0000,34202.0898,1320.4232,-15.6766,1.8876,0,0,0.008115195,-0.79548657,-9.813036
72.80,1500,1019,-0.9630,0,0,0,0,0,0,0,0,-0.105,-0.931,-0.041,0.166,24.812,24.734,24.625,24.734,43.850,42.600,45.850,44.850,199.6395,-15.2428,0.0000,34199.2305,1319.3324,-15.6876,1.8802,0,0,0.053948503,-0.8030749,-9.7791195
73.00,1500,1019,-0.9630,0,0,0,0,0,0,0,0,-0.036,0.400,-0.042,-0.039,24.812,24.703,24.625,24.750,43.850,42.350,45.850,44.850,199.6395,-15.2428,0.0000,34196.3438,1318.4642,-15.6985,1.8746,0,0,0.017349854,-0.7849213,-9.798785
73.20,1500,1019,-0.9630,0,0,0,0,0,0,0,0,-0.173,-0.147,-0.038,0.183,24.812,24.750,24.625,24.750,43.850,42.350,45.850,44.850,199.6395,-15.2428,0.0000,34193.4805,1317.4873,-15.7066,1.8670,0,0,0.043547854,-0.8053923,-9.834012
73.40,1500,1019,-0.9630,0,0,0,0,0,0,0,0,-0.148,0.152,-0.062,0.095,24.812,24.750,24.625,24.750,43.850,42.350,45.850,44.850,199.6395,-15.2428,0.0000,34190.7891,1316.3756,-15.7143,1.8596,0,0,0.027903344,-0.80623096,-9.79101
73.60,1500,1019,-0.9630,0,0,0,0,0,0,0,0,-0.267,-0.032,-0.023,0.079,24.812,24.734,24.625,24.750,43.850,42.350,45.850,44.850,199.6395,-15.2428,0.0000,34187.9219,1315.1626,-15.7186,1.8507,0,0,0.059887238,-0.77684414,-9.802717
73.80,1500,1019,-0.9630,0,0,0,0,0,0,0,0,-0.100,0.203,0.056,0.123,24.812,24.734,24.625,24.734,43.850,42.350,45.850,44.850,199.6395,-15.2428,0.0000,34185.1016,1313.9634,-15.7208,1.8409,0,0,0.038877625,-0.7972929,-9.81949
74.00,1500,1019,-0.9630,0,0,0,0,0,0,0,0,-0.119,-0.520,-0.055,0.137,24.812,24.766,24.625,24.734,43.850,42.600,45.850,44.850,199.6395,-15.2428,0.0000,34182.2695,1312.8997,-15.7224,1.8308,0,0,0.044912007,-0.814194,-9.816573
74.20,1500,1019,-0.9630,0,0,0,0,0,0,0,0,-0.078,-0.445,-0.069,0.151,24.812,24.734,24.625,24.750,43.850,42.600,45.850,44.850,199.6395,-15.2428,0.0000,34179.4531,1311.7980,-15.7306,1.8204,0,0,0.06789926,-0.7844956,-9.8180275
74.40,1500,1019,-0.9630,0,0,0,0,0,0,0,0,-0.085,0.460,-0.037,0.152,24.812,24.688,24.625,24.750,43.850,42.350,45.850,44.850,199.6395,-15.2428,0.0000,34176.5078,1310.5907,-15.7408,1.8098,0,0,0.028525447,-0.8169742,-9.791442
74.60,1500,1019,-0.9630,0,0,0,0,0,0,0,0,0.117,0.233,-0.053,-0.141,24.812,24.688,24.625,24.750,43.850,42.350,45.850,44.850,199.6395,-15.2428,0.0000,34173.8281,1309.5165,-15.7482,1.7990,0,0,0.02377443,-0.7959053,-9.788208
74.80,1500,1019,-0.9650,0,0,0,0,0,0,0,0,0.131,0.341,0.029,-0.072,24.812,24.703,24.625,24.734,43.850,42.350,45.850,44.850,199.6395,-15.2428,0.0000,34171.0117,1308.4055,-15.7528,1.7879,0,0,0.029745253,-0.8176984,-9.804104
75.00,1500,1019,-0.9630,0,0,0,0,0,0,0,0,0.076,0.339,-0.017,0.125,24.812,24.688,24.625,24.750,43.850,42.350,45.850,44.850,199.6395,-15.2428,0.0000,34168.2188,1307.2264,-15.7566,1.7768,0,0,0.05422489,-0.8237751,-9.817284
75.20,1500,1019,-0.9630,0,0,0,0,0,0,0,0,0.029,0.295,-0.010,-0.282,24.812,24.688,24.625,24.750,43.850,42.600,45.850,44.850,199.6395,-15.2428,0.0000,34165.4297,1306.0344,-15.7633,1.7664,0,0,0.058653593,-0.7978153,-9.783509
75.40,1500,1019,-0.9630,0,0,0,0,0,0,0,0,-0.133,-0.670,-0.044,-0.051,24.812,24.734,24.625,24.734,43.850,42.600,45.850,44.850,199.6395,-15.2428,0.0000,34162.6641,1304.7769,-15.7656,1.7548,0,0,0.052910235,-0.79413074,-9.812075
75.60,1500,1019,-0.9630,0,0,0,0,0,0,0,0,0.178,-0.859,-0.090,0.139,24.812,24.734,24.625,24.750,43.850,42.600,45.850,44.850,199.6395,-15.2428,0.0000,34159.9141,1303.4122,-15.7694,1.7415,0,0,0.038232177,-0.8201447,-9.792485
75.80,1500,1019,-0.9630,0,0,0,0,0,0,0,0,-0.108,-0.042,-0.059,0.038,24.797,24.734,24.625,24.734,43.850,42.600,45.850,44.850,199.6395,-15.2428,0.0000,34157.1875,1301.9729,-15.7709,1.7267,0,0,0.040471237,-0.7970413,-9.7991085
76.00,1500,1019,-0.9630,0,0,0,0,0,0,0,0,0.030,0.281,-0.030,-0.218,24.812,24.688,24.625,24.750,43.850,42.600,45.850,44.850,199.6395,-15.2428,0.0000,34154.4062,1300.7725,-15.7677,1.7140,0,0,0.04160726,-0.78330785,-9.76614
76.20,1500,1019,-0.9630,0,0,0,0,0,0,0,0,0.133,0.316,-0.094,0.220,24.812,24.688,24.625,24.734,43.850,42.350,45.850,44.850,199.6395,-15.2428,0.0000,34151.5469,1299.8088,-15.7623,1.7034,0,0,0.007590132,-0.8037685,-9.780485
76.40,1500,1019,-0.9630,0,0,0,0,0,0,0,0,-0.289,0.348,0.047,0.185,24.812,24.703,24.625,24.750,43.850,42.600,45.850,44.850,199.6395,-15.2428,0.0000,34148.7383,1298.8033,-15.7644,1.6916,0,0,0.006860814,-0.854492,-9.790249
76.60,1500,1019,-0.9630,0,0,0,0,0,0,0,0,-0.025,0.300,-0.115,0.109,24.812,24.688,24.625,24.750,43.850,42.350,45.850,44.850,199.6395,-15.2428,0.0000,34145.9453,1297.7135,-15.7637,1.6783,0,0,0.041661877,-0.824162,-9.770817
76.80,1500,1019,-0.9630,0,0,0,0,0,0,0,0,-0.054,0.058,-0.017,0.091,24.812,24.750,24.625,24.750,43.850,42.600,45.850,44.850,199.6395,-15.2428,0.0000,34143.1680,1296.5560,-15.7657,1.6652,0,0,0.034172386,-0.79591095,-9.7928295
77.00,1500,1019,-0.9630,0,0,0,0,0,0,0,0,0.178,0.332,-0.026,0.197,24.797,24.688,24.625,24.734,43.850,42.600,45.850,44.850,199.6395,-15.2428,0.0000,34140.3750,1295.4691,-15.7718,1.6513,0,0,0.04605813,-0.7827367,-9.790427
77.20,1500,1019,-0.9630,0,0,0,0,0,0,0,0,-0.173,-0.986,0.034,0.157,24.812,24.750,24.625,24.734,43.850,42.600,45.850,44.850,199.6395,-15.2428,0.0000,34137.5703,1294.4211,-15.7816,1.6386,0,0,0.044290394,-0.79004663,-9.792785
77.40,1500,1019,-0.9630,0,0,0,0,0,0,0,0,-0.151,-0.125,0.028,-0.053,24.812,24.734,24.609,24.734,43.850,42.350,45.850,44.850,199.6395,-15.2428,0.0000,34134.7539,1293.4281,-15.7964,1.6256,0,0,0.032211483,-0.7885191,-9.804227
77.60,1500,1019,-0.9630,0,0,0,0,0,0,0,0,0.183,-0.721,0.046,0.219,24.812,24.750,24.625,24.734,43.850,42.600,45.850,44.850,199.6395,-15.2428,0.0000,34131.9492,1292.3984,-15.8081,1.6131,0,0,0.04514194,-0.8006501,-9.813637
77.80,1500,1019,-0.9630,0,0,0,0,0,0,0,0,0.125,0.315,0.049,0.138,24.797,24.703,24.625,24.734,43.850,42.350,45.850,44.850,199.6395,-15.2428,0.0000,34129.1172,1291.4407,-15.8192,1.6002,0,0,0.053594947,-0.8150109,-9.809413
78.00,1500,1019,-0.9630,0,0,0,0,0,0,0,0,0.022,0.436,-0.033,-0.084,24.812,24.688,24.625,24.750,43.850,42.600,45.850,44.850,199.6395,-15.2428,0.0000,34126.3242,1290.3317,-15.8303,1.5860,0,0,0.07378046,-0.78425175,-9.80363
78.20,1500,1019,-0.9630,0,0,0,0,0,0,0,0,-0.121,0.276,-0.052,-0.006,24.812,24.688,24.625,24.734,43.850,42.600,45.850,44.850,199.6395,-15.2428,0.0000,34123.4922,1289.3636,-15.8353,1.5737,0,0,0.028887065,-0.8094276,-9.829239
78.40,1500,1019,-0.9630,0,0,0,0,0,0,0,0,-0.197,0.451,0.114,-0.145,24.797,24.672,24.625,24.750,43.850,42.600,45.850,44.850,199.6395,-15.2428,0.0000,34120.6641,1288.4135,-15.8394,1.5603,0,0,0.05265709,-0.7923419,-9.817048
78.60,1500,1019,-0.9630,0,0,0,0,0,0,0,0,0.062,-0.500,0.040,-0.268,24.812,24.719,24.625,24.750,43.850,42.600,45.850,44.850,199.6395,-15.2428,0.0000,34117.8828,1287.5009,-15.8449,1.5478,0,0,0.0003541981,-0.8123433,-9.81091
78.80,1500,1019,-0.9630,0,0,0,0,0,0,0,0,0.121,0.414,-0.040,-0.089,24.812,24.672,24.625,24.750,43.850,42.600,45.850,44.850,199.6395,-15.2428,0.0000,34115.0977,1286.4436,-15.8512,1.5335,0,0,0.038136616,-0.80960387,-9.795188
79.00,1500,1019,-0.9630,0,0,0,0,0,0,0,0,0.083,0.488,-0.051,0.229,24.812,24.688,24.625,24.734,43.850,42.350,45.850,44.850,199.6395,-15.2428,0.0000,34112.1992,1285.1766,-15.8533,1.5169,0,0,0.030972965,-0.79301137,-9.8077755
