t,gyro_z,RF_rpm,RF_cur,FL_rpm,FL_cur,RR_rpm,RR_cur,RL_rpm,RL_cur
0.0057,-1e-04,0,-0.11376953125,0,0.426025390625,0,0.08245849609375,0,-0.06890869140625
0.0094,-1e-04,0,-0.11376953125,0,0.426025390625,0,0.08245849609375,0,-0.06890869140625
0.0135,0.0002,0,-0.11376953125,0,0.426025390625,0,0.08245849609375,0,-0.06890869140625
0.018,0.0002,0,-0.164306640625,0,0.426025390625,0,0.07855224609375,0,0.209228515625
0.021,0.0003,0,-0.164306640625,0,0.426025390625,0,0.07855224609375,0,0.209228515625
0.025,0.0003,0,-0.164306640625,0,0.0689697265625,0,0.07855224609375,0,0.209228515625
0.029,0.0003,0,-0.164306640625,0,0.0689697265625,0,0.07855224609375,0,0.209228515625
0.0318,0.0008,0,-0.164306640625,0,0.0689697265625,0,0.07855224609375,0,0.209228515625
0.036,0.0008,0,-0.164306640625,0,0.0689697265625,0,0.08489990234375,0,0.209228515625
0.0393,0.0017,0,-0.164306640625,0,0.0689697265625,0,0.08489990234375,0,0.209228515625
0.0446,0.0017,0,0.049560546875,0,0.346923828125,0,0.08489990234375,0,0.025604248046875
0.0491,0.0017,0,0.049560546875,0,0.346923828125,0,0.08489990234375,0,0.025604248046875
0.0509,0.0011,0,0.049560546875,0,0.346923828125,0,0.08489990234375,0,0.025604248046875
0.0566,0.0011,0,0.049560546875,0,0.346923828125,0,0.08197021484375,0,0.025604248046875
0.0606,0.0013,0,0.049560546875,0,0.346923828125,0,0.08197021484375,0,0.025604248046875
0.0638,0.0013,0,-0.1378173828125,1,4.25390625,0,0.08197021484375,0,0.24169921875
0.069,0.0013,0,-0.1378173828125,1,4.25390625,0,0.08197021484375,0,0.24169921875
0.0729,0.0013,0,-0.1378173828125,1,4.25390625,0,6.203125,0,0.24169921875
0.0797,0.0013,0,-0.1378173828125,1,4.25390625,0,6.203125,0,0.24169921875
0.08,0.0236,0,-0.1378173828125,1,4.25390625,0,6.203125,0,0.24169921875
0.0809,-0.0094,0,-0.1378173828125,1,4.25390625,0,6.203125,0,0.24169921875
0.0871,-0.0094,5,6.0546875,15,3.294921875,0,6.203125,12,5.57421875
0.0905,-0.0094,5,6.0546875,15,3.294921875,0,6.203125,12,5.57421875
0.0911,-0.028,5,6.0546875,15,3.294921875,0,6.203125,12,5.57421875
0.0971,-0.028,5,6.0546875,15,3.294921875,0,10.171875,12,5.57421875
0.1013,-0.0376,5,6.0546875,15,3.294921875,0,10.171875,12,5.57421875
0.1052,-0.0376,17,8.9453125,15,3.294921875,0,10.171875,15,3.650390625
0.1101,-0.0376,17,8.9453125,15,3.294921875,0,10.171875,15,3.650390625
0.1132,-0.0345,17,8.9453125,15,3.294921875,0,10.171875,15,3.650390625
0.1164,-0.0345,18,13.3671875,10,3.54296875,9,13.2578125,15,3.650390625
0.1187,-0.036,18,13.3671875,10,3.54296875,9,13.2578125,15,3.650390625
0.1246,-0.036,18,13.3671875,10,3.54296875,9,13.2578125,0,4.8125
0.1284,-0.036,18,13.3671875,10,3.54296875,9,13.2578125,0,4.8125
0.1364,-0.036,18,13.3671875,3,2.83984375,18,17.375,0,4.8125
0.1376,-0.0431,18,13.3671875,3,2.83984375,18,17.375,0,4.8125
0.1414,-0.0433,18,13.3671875,3,2.83984375,18,17.375,0,4.8125
0.148,-0.0433,34,16.0,3,2.83984375,18,17.375,8,0.8701171875
0.1511,-0.0433,34,16.0,3,2.83984375,18,17.375,8,0.8701171875
0.1526,-0.0618,34,16.0,3,2.83984375,18,17.375,8,0.8701171875
0.1608,-0.0618,34,16.0,16,0.74609375,27,20.53125,8,0.8701171875
0.1617,-0.0776,34,16.0,16,0.74609375,27,20.53125,8,0.8701171875
0.1663,-0.0776,67,17.34375,16,0.74609375,27,20.53125,15,1.263671875
0.171,-0.0776,67,17.34375,16,0.74609375,27,20.53125,15,1.263671875
0.1721,-0.0854,67,17.34375,16,0.74609375,27,20.53125,15,1.263671875
0.1771,-0.0854,67,17.34375,13,-0.77294921875,42,18.28125,15,1.263671875
0.1802,-0.0741,67,17.34375,13,-0.77294921875,42,18.28125,15,1.263671875
0.1875,-0.0741,129,9.8359375,13,-0.77294921875,42,18.28125,20,-1.8251953125
0.191,-0.0741,129,9.8359375,13,-0.77294921875,42,18.28125,20,-1.8251953125
0.1956,-0.074,129,9.8359375,13,-0.77294921875,42,18.28125,20,-1.8251953125
0.1961,-0.074,129,9.8359375,20,-1.248046875,54,15.46875,20,-1.8251953125
0.2035,-0.0766,129,9.8359375,20,-1.248046875,54,15.46875,20,-1.8251953125
0.2067,-0.0766,172,5.85546875,32,7.953125,54,15.46875,31,4.5625
0.2088,-0.0766,172,5.85546875,32,7.953125,54,15.46875,31,4.5625
0.2104,-0.0782,172,5.85546875,32,7.953125,54,15.46875,31,4.5625
0.2166,-0.0782,172,5.85546875,32,7.953125,57,13.359375,31,4.5625
0.2209,-0.1056,172,5.85546875,32,7.953125,57,13.359375,31,4.5625
0.2264,-0.1056,122,7.67578125,35,8.6328125,57,13.359375,40,8.640625
0.2294,-0.1056,122,7.67578125,35,8.6328125,57,13.359375,40,8.640625
0.23,-0.1624,122,7.67578125,35,8.6328125,57,13.359375,40,8.640625
0.2364,-0.1624,122,7.67578125,35,8.6328125,68,11.1171875,40,8.640625
0.24,-0.1213,122,7.67578125,35,8.6328125,68,11.1171875,40,8.640625
0.2445,-0.1213,97,7.21484375,35,8.6328125,68,11.1171875,48,10.765625
0.2493,-0.1213,97,7.21484375,35,8.6328125,68,11.1171875,48,10.765625
0.251,-0.102,97,7.21484375,35,8.6328125,68,11.1171875,48,10.765625
0.2566,-0.102,97,7.21484375,45,10.3515625,69,8.9765625,48,10.765625
0.2602,-0.0652,97,7.21484375,45,10.3515625,69,8.9765625,48,10.765625
0.2641,-0.0652,89,7.44140625,45,10.3515625,69,8.9765625,53,12.7421875
0.2696,-0.0652,89,7.44140625,45,10.3515625,69,8.9765625,53,12.7421875
0.2709,-0.0619,89,7.44140625,45,10.3515625,69,8.9765625,53,12.7421875
0.2751,-0.0619,89,7.44140625,54,12.7421875,72,10.1640625,52,9.859375
0.28,-0.0474,89,7.44140625,54,12.7421875,72,10.1640625,52,9.859375
0.2881,-0.0474,91,10.3203125,52,10.9140625,72,10.1640625,52,9.859375
0.2893,-0.0474,91,10.3203125,52,10.9140625,72,10.1640625,52,9.859375
0.291,-0.0519,91,10.3203125,52,10.9140625,72,10.1640625,52,9.859375
0.2955,-0.0519,91,10.3203125,52,10.9140625,72,12.546875,52,9.859375
0.3008,-0.0655,91,10.3203125,52,10.9140625,72,12.546875,52,9.859375
0.3043,-0.0655,89,11.0625,53,8.9921875,72,12.546875,52,8.390625
0.3069,-0.0707,89,11.0625,53,8.9921875,72,12.546875,52,8.390625
0.3114,-0.0707,89,11.0625,53,8.9921875,72,12.546875,52,8.390625
0.3177,-0.0707,89,11.0625,53,8.9921875,71,12.234375,52,8.390625
0.321,-0.0686,89,11.0625,53,8.9921875,71,12.234375,52,8.390625
0.3237,-0.0686,82,11.125,55,10.640625,71,12.234375,53,9.09375
0.3284,-0.0686,82,11.125,55,10.640625,71,12.234375,53,9.09375
0.3291,-0.0677,82,11.125,55,10.640625,71,12.234375,53,9.09375
0.3372,-0.0677,82,11.125,55,10.640625,71,11.6015625,53,9.09375
0.3387,-0.0812,82,11.125,55,10.640625,71,11.6015625,53,9.09375
0.3432,-0.0812,76,11.1484375,55,10.640625,71,11.6015625,52,10.140625
0.3487,-0.0852,76,11.1484375,55,10.640625,71,11.6015625,52,10.140625
0.3493,-0.0852,76,11.1484375,55,10.640625,71,11.6015625,52,10.140625
0.3555,-0.0852,76,11.1484375,50,9.796875,71,11.6015625,52,10.140625
0.3596,-0.0724,76,11.1484375,50,9.796875,71,11.6015625,52,10.140625
0.3652,-0.0724,76,11.1484375,50,9.796875,71,11.6015625,52,10.140625
0.3713,-0.0724,75,11.6640625,50,9.796875,71,12.1328125,51,9.3125
0.3722,-0.0544,75,11.6640625,50,9.796875,71,12.1328125,51,9.3125
0.375,-0.0544,75,11.6640625,48,9.5703125,71,12.1328125,51,9.3125
0.3793,-0.06,75,11.6640625,48,9.5703125,71,12.1328125,51,9.3125
0.3851,-0.06,70,12.7421875,48,9.5703125,70,13.3359375,67,12.0234375
0.3903,-0.06,70,12.7421875,48,9.5703125,70,13.3359375,67,12.0234375
0.3918,-0.0737,70,12.7421875,48,9.5703125,70,13.3359375,67,12.0234375
0.3943,-0.0737,70,12.7421875,64,11.8125,72,11.4453125,67,12.0234375
0.3986,-0.1191,70,12.7421875,64,11.8125,72,11.4453125,67,12.0234375
0.4019,-0.1191,82,11.25,64,11.8125,72,11.4453125,61,10.2421875
0.4075,-0.1191,82,11.25,64,11.8125,72,11.4453125,61,10.2421875
0.409,-0.1056,82,11.25,64,11.8125,72,11.4453125,61,10.2421875
0.4144,-0.1056,82,11.25,56,9.6640625,69,12.5703125,61,10.2421875
0.4173,-0.0587,82,11.25,56,9.6640625,69,12.5703125,61,10.2421875
0.4245,-0.0587,79,11.390625,56,9.6640625,69,12.5703125,61,10.2421875
0.4278,-0.0757,79,11.390625,56,9.6640625,69,12.5703125,61,10.2421875
0.4282,-0.0757,79,11.390625,56,9.6640625,69,12.5703125,61,10.2421875
0.4352,-0.0757,79,11.390625,54,9.8828125,69,12.5703125,57,9.921875
0.4377,-0.124,79,11.390625,54,9.8828125,69,12.5703125,57,9.921875
0.4422,-0.124,78,12.453125,54,9.8828125,70,13.4921875,54,9.90625
0.447,-0.1317,78,12.453125,54,9.8828125,70,13.4921875,54,9.90625
0.4497,-0.1317,78,12.453125,54,9.8828125,70,13.4921875,54,9.90625
0.4559,-0.1317,78,12.453125,53,9.78125,70,13.4921875,54,9.90625
0.4572,-0.0968,78,12.453125,53,9.78125,70,13.4921875,54,9.90625
0.4607,-0.0968,79,11.140625,53,9.78125,71,11.6328125,55,9.9140625
0.4679,-0.0831,79,11.140625,53,9.78125,71,11.6328125,55,9.9140625
0.4682,-0.0831,79,11.140625,53,9.78125,71,11.6328125,55,9.9140625
0.4727,-0.0831,79,11.140625,50,9.7421875,71,11.6328125,55,9.9140625
0.4765,-0.0812,79,11.140625,50,9.7421875,71,11.6328125,55,9.9140625
0.4849,-0.0812,78,12.546875,50,9.7421875,71,13.4140625,52,9.84375
0.4888,-0.0812,78,12.546875,50,9.7421875,71,13.4140625,52,9.84375
0.4902,-0.0812,78,12.546875,52,10.1484375,71,13.4140625,52,9.84375
0.4913,-0.0645,78,12.546875,52,10.1484375,71,13.4140625,52,9.84375
0.4965,-0.0472,78,12.546875,52,10.1484375,71,13.4140625,52,9.84375
0.5012,-0.0472,88,12.25,52,10.1484375,70,13.1875,52,9.84375
0.506,-0.0472,88,12.25,52,10.1484375,70,13.1875,52,9.84375
0.5076,-0.0447,88,12.25,52,10.1484375,70,13.1875,52,9.84375
0.5126,-0.0447,88,12.25,49,10.03125,70,13.1875,52,10.09375
0.5184,-0.0447,83,13.328125,49,10.03125,70,15.1015625,52,10.09375
0.5224,-0.0829,83,13.328125,49,10.03125,70,15.1015625,52,10.09375
0.5254,-0.0829,83,13.328125,49,10.03125,70,15.1015625,52,10.09375
0.5269,-0.1003,83,13.328125,49,10.03125,70,15.1015625,52,10.09375
0.5328,-0.1003,83,13.328125,61,10.5859375,70,15.1015625,68,12.484375
0.5357,-0.1059,83,13.328125,61,10.5859375,70,15.1015625,68,12.484375
0.5402,-0.1059,84,11.828125,61,10.5859375,70,12.953125,68,12.484375
0.5464,-0.1059,84,11.828125,61,10.5859375,70,12.953125,68,12.484375
0.5507,-0.1059,84,11.828125,56,10.265625,70,12.953125,62,11.015625
0.553,-0.102,84,11.828125,56,10.265625,70,12.953125,62,11.015625
0.558,-0.1132,84,11.828125,56,10.265625,70,12.953125,62,11.015625
0.562,-0.1132,86,11.6796875,56,10.265625,69,13.484375,57,10.3828125
0.5669,-0.1132,86,11.6796875,56,10.265625,69,13.484375,57,10.3828125
0.5677,-0.1164,86,11.6796875,56,10.265625,69,13.484375,57,10.3828125
0.5732,-0.1164,86,11.6796875,55,10.1796875,69,13.484375,57,10.3828125
0.5769,-0.1164,86,11.6796875,55,10.1796875,69,13.484375,57,10.3828125
0.5789,-0.1248,86,11.6796875,55,10.1796875,69,13.484375,57,10.3828125
0.5854,-0.1248,86,11.6796875,55,10.1796875,71,13.1953125,57,10.3828125
0.5897,-0.1039,86,11.6796875,55,10.1796875,71,13.1953125,57,10.3828125
0.5901,-0.1039,86,11.6796875,55,10.1796875,71,13.1953125,57,10.3828125
0.5948,-0.1039,102,9.96875,55,10.1796875,71,13.1953125,54,9.78125
0.5975,-0.0809,102,9.96875,55,10.1796875,71,13.1953125,54,9.78125
0.6038,-0.0809,90,11.8515625,52,9.890625,70,13.453125,54,9.78125
0.6067,-0.0721,90,11.8515625,52,9.890625,70,13.453125,54,9.78125
0.6099,-0.0721,90,11.8515625,52,9.890625,70,13.453125,54,9.78125
0.6144,-0.0721,90,11.8515625,51,10.1796875,70,13.453125,53,10.5078125
0.6172,-0.118,90,11.8515625,51,10.1796875,70,13.453125,53,10.5078125
0.624,-0.118,90,11.8515625,51,10.1796875,71,14.5546875,53,10.5078125
0.6273,-0.118,90,11.8515625,51,10.1796875,71,14.5546875,53,10.5078125
0.629,-0.1307,90,11.8515625,51,10.1796875,71,14.5546875,53,10.5078125
0.6348,-0.1307,90,12.703125,51,10.1796875,71,14.5546875,53,9.640625
0.6377,-0.1189,90,12.703125,51,10.1796875,71,14.5546875,53,9.640625
0.6418,-0.1189,95,10.765625,51,9.921875,71,13.3046875,51,10.6015625
0.647,-0.1189,95,10.765625,51,9.921875,71,13.3046875,51,10.6015625
0.648,-0.1083,95,10.765625,51,9.921875,71,13.3046875,51,10.6015625
0.6553,-0.1083,95,10.765625,51,10.4375,71,13.3046875,51,10.6015625
0.6585,-0.0991,95,10.765625,51,10.4375,71,13.3046875,51,10.6015625
0.663,-0.0991,95,10.765625,51,10.4375,70,14.2109375,51,10.6015625
0.6694,-0.0991,95,10.765625,51,10.4375,70,14.2109375,51,10.6015625
0.6705,-0.0934,95,10.765625,51,10.4375,70,14.2109375,51,10.6015625
0.6737,-0.0934,113,8.828125,47,9.9765625,70,14.2109375,50,10.2734375
0.6765,-0.1276,113,8.828125,47,9.9765625,70,14.2109375,50,10.2734375
0.6825,-0.1276,113,8.828125,47,9.9765625,71,14.5859375,50,10.2734375
0.6873,-0.1276,113,8.828125,47,9.9765625,71,14.5859375,50,10.2734375
0.6899,-0.1324,113,8.828125,47,9.9765625,71,14.5859375,50,10.2734375
0.6931,-0.1324,100,12.4453125,45,9.25,71,14.5859375,62,10.8359375
0.696,-0.1203,100,12.4453125,45,9.25,71,14.5859375,62,10.8359375
0.703,-0.1203,100,12.4453125,45,9.25,71,14.1875,62,10.8359375
0.7063,-0.1203,100,12.4453125,45,9.25,71,14.1875,62,10.8359375
0.708,-0.1467,100,12.4453125,45,9.25,71,14.1875,62,10.8359375
0.7146,-0.1467,96,12.5234375,45,9.25,71,14.1875,59,10.953125
0.7176,-0.1476,96,12.5234375,45,9.25,71,14.1875,59,10.953125
0.7212,-0.1476,94,11.0234375,56,10.859375,71,14.171875,59,10.953125
0.726,-0.1453,94,11.0234375,56,10.859375,71,14.171875,59,10.953125
0.7283,-0.1453,94,11.0234375,56,10.859375,71,14.171875,59,10.953125
0.7326,-0.1453,94,11.0234375,56,10.859375,71,14.171875,56,11.0859375
0.7352,-0.1614,94,11.0234375,56,10.859375,71,14.171875,56,11.0859375
0.7409,-0.1614,94,11.0234375,50,10.421875,73,13.609375,56,11.0859375
0.7459,-0.1614,94,11.0234375,50,10.421875,73,13.609375,56,11.0859375
0.7478,-0.1516,94,11.0234375,50,10.421875,73,13.609375,56,11.0859375
0.7519,-0.1516,89,12.46875,48,10.2421875,73,13.609375,51,10.34375
0.7565,-0.1193,89,12.46875,48,10.2421875,73,13.609375,51,10.34375
0.7614,-0.1193,89,12.46875,48,10.2421875,75,13.515625,51,10.34375
0.7662,-0.1193,89,12.46875,48,10.2421875,75,13.515625,51,10.34375
0.767,-0.1083,89,12.46875,48,10.2421875,75,13.515625,51,10.34375
0.7725,-0.1083,99,12.8671875,48,10.2421875,75,13.515625,52,10.828125
0.7762,-0.0995,99,12.8671875,48,10.2421875,75,13.515625,52,10.828125
0.7809,-0.0995,94,13.6640625,47,10.109375,72,14.9609375,52,10.828125
0.7867,-0.0995,94,13.6640625,47,10.109375,72,14.9609375,52,10.828125
0.7883,-0.1271,94,13.6640625,47,10.109375,72,14.9609375,52,10.828125
0.7925,-0.1271,94,13.6640625,47,10.109375,72,14.9609375,51,10.3671875
0.7969,-0.1761,94,13.6640625,47,10.109375,72,14.9609375,51,10.3671875
0.8019,-0.1761,94,13.6640625,46,10.1796875,71,15.3125,51,10.3671875
0.8056,-0.1761,94,13.6640625,46,10.1796875,71,15.3125,51,10.3671875
0.8076,-0.1798,94,13.6640625,46,10.1796875,71,15.3125,51,10.3671875
0.8149,-0.1798,93,11.953125,46,10.8984375,71,15.3125,50,10.4453125
0.8199,-0.1798,93,11.953125,46,10.8984375,74,12.7578125,50,10.4453125
0.8224,-0.1927,93,11.953125,46,10.8984375,74,12.7578125,50,10.4453125
0.8255,-0.1927,93,11.953125,46,10.8984375,74,12.7578125,50,10.4453125
0.8272,-0.2086,93,11.953125,46,10.8984375,74,12.7578125,50,10.4453125
0.8325,-0.2086,91,11.859375,0,3.173828125,74,12.7578125,50,11.015625
0.8366,-0.2163,91,11.859375,0,3.173828125,74,12.7578125,50,11.015625
0.8418,-0.2163,91,11.859375,0,3.173828125,73,13.6796875,50,11.015625
0.8466,-0.2163,91,11.859375,0,3.173828125,73,13.6796875,50,11.015625
0.8508,-0.2163,108,9.6953125,0,3.173828125,73,13.6796875,48,10.625
0.8534,-0.2011,108,9.6953125,0,3.173828125,73,13.6796875,48,10.625
0.8576,-0.1989,108,9.6953125,0,3.173828125,73,13.6796875,48,10.625
0.8623,-0.1989,108,9.6953125,9,8.3828125,74,13.453125,48,10.625
0.8672,-0.1989,108,9.6953125,9,8.3828125,74,13.453125,48,10.625
0.868,-0.2087,108,9.6953125,9,8.3828125,74,13.453125,48,10.625
0.8735,-0.2087,98,12.1328125,9,8.3828125,74,13.453125,48,10.625
0.8775,-0.2132,98,12.1328125,9,8.3828125,74,13.453125,48,10.625
0.882,-0.2132,98,12.1328125,6,7.47265625,76,13.8984375,59,11.546875
0.8876,-0.2257,98,12.1328125,6,7.47265625,76,13.8984375,59,11.546875
0.888,-0.2257,98,12.1328125,6,7.47265625,76,13.8984375,59,11.546875
0.893,-0.2257,98,11.71875,6,7.47265625,76,13.8984375,59,11.546875
0.897,-0.2239,98,11.71875,6,7.47265625,76,13.8984375,59,11.546875
0.9017,-0.2239,98,11.71875,13,8.625,76,13.8984375,54,10.75
0.9062,-0.2239,98,11.71875,13,8.625,76,13.8984375,54,10.75
0.9077,-0.2189,98,11.71875,13,8.625,76,13.8984375,54,10.75
0.9143,-0.2189,96,11.3515625,13,8.625,76,13.2109375,52,11.328125
0.9201,-0.2051,96,11.3515625,13,8.625,76,13.2109375,52,11.328125
0.9234,-0.2051,96,11.3515625,16,9.6640625,76,13.2109375,52,11.328125
0.9268,-0.1878,96,11.3515625,16,9.6640625,76,13.2109375,52,11.328125
0.9308,-0.1878,96,11.3515625,16,9.6640625,76,13.2109375,52,11.328125
0.9343,-0.1878,108,10.671875,16,9.6640625,78,12.7109375,52,11.7109375
0.9402,-0.1878,108,10.671875,28,10.1953125,78,13.6328125,52,11.7109375
0.9426,-0.1289,108,10.671875,28,10.1953125,78,13.6328125,52,11.7109375
0.9478,-0.1289,108,10.671875,28,10.1953125,78,13.6328125,52,11.7109375
0.9497,-0.105,108,10.671875,28,10.1953125,78,13.6328125,52,11.7109375
0.9538,-0.105,101,12.828125,28,10.1953125,78,13.6328125,50,11.2109375
0.9568,-0.1069,101,12.828125,28,10.1953125,78,13.6328125,50,11.2109375
0.9644,-0.1069,101,12.828125,40,11.0859375,78,13.6328125,50,11.2109375
0.967,-0.1069,101,12.828125,40,11.0859375,78,13.6328125,50,11.2109375
0.972,-0.1069,100,13.09375,40,11.0859375,76,16.109375,50,11.2109375
0.9735,-0.1806,100,13.09375,40,11.0859375,76,16.109375,50,11.2109375
0.9771,-0.1853,100,13.09375,40,11.0859375,76,16.109375,50,11.2109375
0.982,-0.1853,100,13.09375,44,10.84375,78,14.3125,49,11.03125
0.9896,-0.1785,100,13.09375,44,10.84375,78,14.3125,49,11.03125
0.9899,-0.1785,100,13.09375,44,10.84375,78,14.3125,49,11.03125
0.993,-0.1785,97,11.3359375,44,10.84375,78,14.3125,49,11.03125
0.9968,-0.1528,97,11.3359375,44,10.84375,78,14.3125,49,11.03125
1.0017,-0.1528,97,11.3359375,6,8.640625,78,14.3125,48,12.0078125
1.0061,-0.1528,97,11.3359375,6,8.640625,78,14.3125,48,12.0078125
1.0079,-0.1381,97,11.3359375,6,8.640625,78,14.3125,48,12.0078125
1.0149,-0.1381,112,11.3515625,6,8.640625,79,14.125,41,11.3359375
1.0156,-0.1241,112,11.3515625,6,8.640625,79,14.125,41,11.3359375
1.0227,-0.1241,112,11.3515625,24,11.234375,79,14.125,41,11.3359375
1.0259,-0.1241,112,11.3515625,24,11.234375,79,14.125,41,11.3359375
1.0273,-0.1323,112,11.3515625,24,11.234375,79,14.125,41,11.3359375
1.0327,-0.1323,100,12.4296875,24,11.234375,75,14.75,41,11.3359375
1.0354,-0.168,100,12.4296875,24,11.234375,75,14.75,41,11.3359375
1.0405,-0.168,100,12.4296875,26,9.9453125,75,14.75,14,9.4921875
1.0455,-0.168,100,12.4296875,26,9.9453125,75,14.75,14,9.4921875
1.0495,-0.1479,100,12.4296875,26,9.9453125,75,14.75,14,9.4921875
1.0521,-0.1479,100,12.4296875,26,9.9453125,77,15.1171875,14,9.4921875
1.057,-0.1422,100,12.4296875,26,9.9453125,77,15.1171875,14,9.4921875
1.0613,-0.1422,95,12.5703125,28,10.9140625,80,13.8359375,30,12.6484375
1.0663,-0.1422,95,12.5703125,28,10.9140625,80,13.8359375,30,12.6484375
1.0671,-0.205,95,12.5703125,28,10.9140625,80,13.8359375,30,12.6484375
1.0723,-0.205,96,12.2578125,28,10.9140625,80,13.8359375,30,12.6484375
1.0761,-0.2186,96,12.2578125,28,10.9140625,80,13.8359375,30,12.6484375
1.0782,-0.2186,96,12.2578125,28,10.9140625,80,13.8359375,30,12.6484375
1.0823,-0.2186,96,12.2578125,29,10.671875,80,13.8359375,35,11.25
1.087,-0.2186,96,12.2578125,29,10.671875,80,13.8359375,35,11.25
1.0909,-0.2186,96,11.0625,29,10.671875,80,13.6953125,35,11.25
1.0931,-0.1888,96,11.0625,29,10.671875,80,13.6953125,35,11.25
1.0986,-0.1392,96,11.0625,29,10.671875,80,13.6953125,35,11.25
1.1056,-0.1392,96,11.0625,40,12.1875,80,13.6953125,35,10.90625
1.1077,-0.1392,96,11.0625,40,12.1875,80,13.6953125,35,10.90625
1.1094,-0.1191,96,11.0625,40,12.1875,80,13.6953125,35,10.90625
1.1143,-0.1191,104,12.6640625,40,12.1875,81,14.9609375,35,10.90625
1.1207,-0.1191,104,12.6640625,46,12.4921875,81,14.9609375,41,12.9375
1.1246,-0.1659,104,12.6640625,46,12.4921875,81,14.9609375,41,12.9375
1.1281,-0.1659,104,12.6640625,46,12.4921875,81,14.9609375,41,12.9375
1.1293,-0.1977,104,12.6640625,46,12.4921875,81,14.9609375,41,12.9375
1.136,-0.1977,97,13.1484375,46,12.4921875,79,15.8359375,39,9.9296875
1.1395,-0.1766,97,13.1484375,46,12.4921875,79,15.8359375,39,9.9296875
1.1436,-0.1766,97,13.1484375,44,10.828125,79,15.8359375,39,9.9296875
1.1468,-0.1852,97,13.1484375,44,10.828125,79,15.8359375,39,9.9296875
1.1519,-0.1852,97,13.1484375,44,10.828125,79,15.8359375,39,9.9296875
1.156,-0.1852,97,13.1484375,44,10.828125,79,14.1484375,39,9.9296875
1.1599,-0.228,97,13.1484375,44,10.828125,79,14.1484375,39,9.9296875
1.1655,-0.228,100,12.546875,44,10.828125,79,14.1484375,40,11.4140625
1.1694,-0.228,100,12.546875,44,10.828125,79,14.1484375,40,11.4140625
1.1709,-0.222,100,12.546875,44,10.828125,79,14.1484375,40,11.4140625
1.1758,-0.222,118,7.1328125,44,11.8125,84,14.09375,40,11.4140625
1.1814,-0.222,118,7.1328125,36,10.6484375,84,14.09375,44,11.7109375
1.1834,-0.18,118,7.1328125,36,10.6484375,84,14.09375,44,11.7109375
1.1887,-0.18,118,7.1328125,36,10.6484375,84,14.09375,44,11.7109375
1.1897,-0.1643,118,7.1328125,36,10.6484375,84,14.09375,44,11.7109375
1.1954,-0.1643,118,7.1328125,36,10.6484375,81,15.203125,44,11.7109375
1.1987,-0.1573,118,7.1328125,36,10.6484375,81,15.203125,44,11.7109375
1.2037,-0.1573,109,12.6015625,36,11.4375,81,15.203125,41,11.625
1.2079,-0.1573,109,12.6015625,36,11.4375,81,15.203125,41,11.625
1.2088,-0.1897,109,12.6015625,36,11.4375,81,15.203125,41,11.625
1.2144,-0.1897,109,12.6015625,36,11.4375,80,15.5703125,41,11.625
1.2175,-0.2355,109,12.6015625,36,11.4375,80,15.5703125,41,11.625
1.2232,-0.2355,102,13.7890625,36,11.4375,80,15.5703125,52,11.78125
1.2277,-0.2355,102,13.7890625,36,11.4375,80,15.5703125,52,11.78125
1.2292,-0.2055,102,13.7890625,36,11.4375,80,15.5703125,52,11.78125
1.2343,-0.2055,104,11.34375,3,6.60546875,77,15.6015625,52,11.78125
1.24,-0.2055,104,11.34375,9,9.4140625,77,15.6015625,51,12.1640625
1.242,-0.1398,104,11.34375,9,9.4140625,77,15.6015625,51,12.1640625
1.2473,-0.1398,104,11.34375,9,9.4140625,77,15.6015625,51,12.1640625
1.25,-0.1863,104,11.34375,9,9.4140625,77,15.6015625,51,12.1640625
1.2537,-0.1863,104,11.34375,9,9.4140625,77,15.828125,51,12.1640625
1.2592,-0.1914,104,11.34375,9,9.4140625,77,15.828125,51,12.1640625
1.263,-0.1914,128,9.6953125,24,10.875,77,15.828125,50,12.7734375
1.2685,-0.1914,128,9.6953125,24,10.875,77,15.828125,50,12.7734375
1.2694,-0.1358,128,9.6953125,24,10.875,77,15.828125,50,12.7734375
1.2747,-0.1358,128,9.6953125,24,10.875,81,14.4453125,50,12.7734375
1.2781,-0.1217,128,9.6953125,24,10.875,81,14.4453125,50,12.7734375
1.2828,-0.1217,105,13.7421875,35,11.296875,81,14.4453125,50,12.7890625
1.2881,-0.1217,105,13.7421875,35,11.296875,81,14.4453125,50,12.7890625
1.2888,-0.146,105,13.7421875,35,11.296875,81,14.4453125,50,12.7890625
1.2938,-0.146,105,13.7421875,35,11.296875,75,17.53125,50,12.7890625
1.3001,-0.146,106,14.5625,35,11.296875,75,17.53125,50,11.875
1.304,-0.2017,106,14.5625,35,11.296875,75,17.53125,50,11.875
1.3069,-0.2017,106,14.5625,35,11.296875,75,17.53125,50,11.875
1.3092,-0.2007,106,14.5625,35,11.296875,75,17.53125,50,11.875
1.3147,-0.2007,107,11.671875,38,10.578125,78,15.921875,50,11.875
1.3162,-0.1925,107,11.671875,38,10.578125,78,15.921875,50,11.875
1.3235,-0.1925,107,11.671875,38,10.578125,78,15.921875,47,12.359375
1.3265,-0.1925,107,11.671875,38,10.578125,78,15.921875,47,12.359375
1.3282,-0.1945,107,11.671875,38,10.578125,78,15.921875,47,12.359375
1.3363,-0.1097,107,11.671875,38,10.578125,78,15.921875,47,12.359375
1.3367,-0.1097,111,13.8203125,1,6.37109375,79,15.7265625,47,12.359375
1.3418,-0.1097,111,13.8203125,1,6.37109375,79,15.7265625,47,12.1328125
1.3467,-0.1097,111,13.8203125,1,6.37109375,79,15.7265625,47,12.1328125
1.3489,-0.0898,111,13.8203125,1,6.37109375,79,15.7265625,47,12.1328125
1.3525,-0.0898,111,13.8203125,10,9.6484375,74,16.984375,47,12.1328125
1.3572,-0.0946,111,13.8203125,10,9.6484375,74,16.984375,47,12.1328125
1.361,-0.0946,105,14.7734375,10,9.6484375,74,16.984375,62,15.9140625
1.3645,-0.0946,105,14.7734375,10,9.6484375,74,16.984375,62,15.9140625
1.3674,-0.1996,105,14.7734375,10,9.6484375,74,16.984375,62,15.9140625
1.3735,-0.1996,105,14.7734375,32,12.359375,73,17.421875,62,15.9140625
1.3773,-0.1778,105,14.7734375,32,12.359375,73,17.421875,62,15.9140625
1.3817,-0.1778,102,14.3203125,32,12.359375,73,17.421875,58,13.15625
1.3878,-0.1778,102,14.3203125,-1,6.01953125,79,15.21875,58,13.15625
1.3905,-0.1666,102,14.3203125,-1,6.01953125,79,15.21875,58,13.15625
1.3926,-0.1666,102,14.3203125,-1,6.01953125,79,15.21875,58,13.15625
1.3966,-0.1761,102,14.3203125,-1,6.01953125,79,15.21875,58,13.15625
1.4014,-0.1761,106,13.390625,-1,6.01953125,79,15.21875,54,13.3359375
1.4069,-0.1538,106,13.390625,-1,6.01953125,79,15.21875,54,13.3359375
1.4073,-0.1538,106,13.390625,-1,6.01953125,79,15.21875,54,13.3359375
1.4124,-0.1538,106,13.390625,9,10.046875,79,15.21875,54,13.3359375
1.4178,-0.1885,106,13.390625,9,10.046875,79,15.21875,54,13.3359375
1.423,-0.1885,19,20.6875,9,10.046875,80,16.09375,50,13.125
1.426,-0.1885,19,20.6875,9,10.046875,80,16.09375,50,13.125
1.4277,-0.176,19,20.6875,9,10.046875,80,16.09375,50,13.125
1.4347,-0.176,19,20.6875,16,11.0390625,89,15.2734375,50,13.125
1.4359,-0.1735,19,20.6875,16,11.0390625,89,15.2734375,50,13.125
1.4407,-0.1735,28,18.796875,16,11.0390625,89,15.2734375,50,13.125
1.4448,-0.1812,28,18.796875,16,11.0390625,89,15.2734375,50,13.125
1.448,-0.1812,28,18.796875,16,11.0390625,89,15.2734375,50,13.125
1.4523,-0.1812,28,18.796875,31,10.796875,86,16.5,50,12.171875
1.4555,-0.2619,28,18.796875,31,10.796875,86,16.5,50,12.171875
1.4605,-0.2619,61,15.0703125,31,10.796875,86,16.5,50,12.171875
1.4649,-0.2619,61,15.0703125,31,10.796875,86,16.5,50,12.171875
1.4676,-0.2889,61,15.0703125,31,10.796875,86,16.5,50,12.171875
1.4718,-0.2889,61,15.0703125,36,12.265625,86,16.5,51,13.5859375
1.4758,-0.2836,61,15.0703125,36,12.265625,86,16.5,51,13.5859375
1.4808,-0.2836,82,12.953125,36,12.265625,100,13.484375,47,12.1875
1.485,-0.2836,82,12.953125,36,12.265625,100,13.484375,47,12.1875
1.4875,-0.2708,82,12.953125,36,12.265625,100,13.484375,47,12.1875
1.491,-0.2708,82,12.953125,-2,3.93359375,100,13.484375,47,12.1875
1.4954,-0.242,82,12.953125,-2,3.93359375,100,13.484375,47,12.1875
1.5006,-0.242,108,11.71875,-2,3.93359375,95,14.765625,42,12.703125
1.5043,-0.242,108,11.71875,-2,3.93359375,95,14.765625,42,12.703125
1.5051,-0.2833,108,11.71875,-2,3.93359375,95,14.765625,42,12.703125
1.5105,-0.2833,108,11.71875,10,10.796875,95,14.765625,42,12.703125
1.5157,-0.3046,108,11.71875,10,10.796875,95,14.765625,42,12.703125
1.5196,-0.3046,119,12.0703125,10,10.796875,98,14.109375,42,12.703125
1.5238,-0.3046,119,12.0703125,10,10.796875,98,14.109375,42,12.703125
1.5255,-0.2948,119,12.0703125,10,10.796875,98,14.109375,42,12.703125
1.53,-0.2948,119,12.0703125,7,9.8828125,86,14.828125,35,12.1953125
1.5382,-0.2948,113,11.8125,7,9.8828125,86,14.828125,35,12.1953125
1.5397,-0.2448,113,11.8125,7,9.8828125,86,14.828125,35,12.1953125
1.5431,-0.2448,113,11.8125,7,9.8828125,86,14.828125,35,12.1953125
1.5458,-0.252,113,11.8125,7,9.8828125,86,14.828125,35,12.1953125
1.5539,-0.2188,113,11.8125,7,9.8828125,86,14.828125,35,12.1953125
1.5543,-0.2188,113,11.8125,12,11.0625,91,15.671875,35,12.9765625
1.5585,-0.2188,114,12.8046875,12,11.0625,91,15.671875,35,12.9765625
1.5647,-0.2188,114,12.8046875,12,11.0625,91,15.671875,35,12.9765625
1.5659,-0.2144,114,12.8046875,12,11.0625,91,15.671875,35,12.9765625
1.5705,-0.2144,114,12.8046875,23,11.4765625,91,16.46875,-2,9.2890625
1.573,-0.1899,114,12.8046875,23,11.4765625,91,16.46875,-2,9.2890625
1.5788,-0.1899,119,12.6328125,23,11.4765625,91,16.46875,-2,9.2890625
1.5836,-0.1899,119,12.6328125,23,11.4765625,91,16.46875,-2,9.2890625
1.5859,-0.1899,119,12.6328125,23,11.4765625,91,16.46875,-2,9.2890625
1.5897,-0.1662,119,12.6328125,23,11.4765625,91,16.46875,-2,9.2890625
1.5915,-0.1662,119,12.6328125,23,12.8984375,88,14.859375,15,13.0859375
1.5958,-0.1583,119,12.6328125,23,12.8984375,88,14.859375,15,13.0859375
1.6004,-0.1583,116,12.09375,23,12.8984375,88,14.859375,15,13.0859375
1.6058,-0.2343,116,12.09375,23,12.8984375,88,14.859375,15,13.0859375
1.6061,-0.2343,116,12.09375,23,12.8984375,88,14.859375,15,13.0859375
1.6113,-0.2343,116,12.09375,33,13.7578125,88,14.859375,32,14.6796875
1.6165,-0.2396,116,12.09375,33,13.7578125,88,14.859375,32,14.6796875
1.6196,-0.2396,112,12.265625,33,13.7578125,90,14.453125,33,12.2578125
1.6255,-0.2396,112,12.265625,33,13.7578125,90,14.453125,33,12.2578125
1.6268,-0.2185,112,12.265625,33,13.7578125,90,14.453125,33,12.2578125
1.6311,-0.2185,112,12.265625,40,12.8046875,90,14.453125,33,12.2578125
1.6347,-0.2002,112,12.265625,40,12.8046875,90,14.453125,33,12.2578125
1.6405,-0.2002,113,13.5625,40,12.8046875,88,16.0625,33,12.2578125
1.6452,-0.2002,113,13.5625,40,12.8046875,88,16.0625,33,12.2578125
1.6476,-0.1429,113,13.5625,40,12.8046875,88,16.0625,33,12.2578125
1.6515,-0.1429,113,13.5625,40,13.0546875,84,16.9375,8,11.9140625
1.6597,-0.1429,116,12.9296875,40,13.0546875,84,16.9375,8,11.9140625
1.6609,-0.2348,116,12.9296875,40,13.0546875,84,16.9375,8,11.9140625
1.6654,-0.2348,116,12.9296875,40,13.0546875,84,16.9375,8,11.9140625
1.6671,-0.2287,116,12.9296875,40,13.0546875,84,16.9375,8,11.9140625
1.6719,-0.2287,116,12.9296875,38,12.8203125,88,14.828125,20,12.6171875
1.6751,-0.2658,116,12.9296875,38,12.8203125,88,14.828125,20,12.6171875
1.6816,-0.2658,120,10.9453125,38,12.8203125,88,14.828125,20,12.6171875
1.6866,-0.2658,120,10.9453125,38,12.8203125,88,14.828125,20,12.6171875
1.6885,-0.2687,120,10.9453125,38,12.8203125,88,14.828125,20,12.6171875
1.6924,-0.2687,120,10.9453125,6,11.09375,88,14.828125,33,13.4375
1.6954,-0.1969,120,10.9453125,6,11.09375,88,14.828125,33,13.4375
1.7003,-0.1969,120,10.9453125,6,11.09375,85,15.90625,33,13.4375
1.7048,-0.1969,120,10.9453125,6,11.09375,85,15.90625,33,13.4375
1.7066,-0.2144,120,10.9453125,6,11.09375,85,15.90625,33,13.4375
1.7112,-0.2144,116,12.6484375,6,11.09375,85,15.90625,37,14.578125
1.7151,-0.2466,116,12.6484375,6,11.09375,85,15.90625,37,14.578125
1.7198,-0.2466,115,12.6796875,8,11.1640625,88,16.0625,37,14.578125
1.7256,-0.2466,115,12.6796875,8,11.1640625,88,16.0625,37,14.578125
1.7268,-0.2582,115,12.6796875,8,11.1640625,88,16.0625,37,14.578125
1.7313,-0.2582,115,12.6796875,2,10.078125,88,16.0625,37,13.21875
1.7357,-0.2347,115,12.6796875,2,10.078125,88,16.0625,37,13.21875
1.7397,-0.2347,118,11.5625,2,10.078125,81,15.0234375,37,13.21875
1.7444,-0.2347,118,11.5625,2,10.078125,81,15.0234375,37,13.21875
1.7483,-0.2347,118,11.5625,14,11.9375,81,15.0234375,49,14.5078125
1.752,-0.2768,118,11.5625,14,11.9375,81,15.0234375,49,14.5078125
1.755,-0.29,118,11.5625,14,11.9375,81,15.0234375,49,14.5078125
1.7612,-0.29,118,11.5625,14,11.9375,83,16.53125,49,14.5078125
1.764,-0.29,118,11.5625,14,11.9375,83,16.53125,49,14.5078125
1.7655,-0.2932,118,11.5625,14,11.9375,83,16.53125,49,14.5078125
1.772,-0.2932,120,11.703125,14,11.9375,83,16.53125,49,14.1484375
1.7751,-0.3375,120,11.703125,14,11.9375,83,16.53125,49,14.1484375
1.7799,-0.3375,120,11.703125,14,11.1640625,85,15.8515625,49,14.1484375
1.7867,-0.3375,120,11.703125,14,11.1640625,85,15.8515625,49,14.1484375
1.7895,-0.3372,120,11.703125,14,11.1640625,85,15.8515625,49,14.1484375
1.792,-0.3372,120,12.3515625,8,9.90625,85,15.8515625,54,13.8125
1.7957,-0.3111,120,12.3515625,8,9.90625,85,15.8515625,54,13.8125
1.8018,-0.3111,120,12.3515625,8,9.90625,92,14.5390625,54,13.8125
1.806,-0.3111,120,12.3515625,8,9.90625,92,14.5390625,54,13.8125
1.8075,-0.3181,120,12.3515625,8,9.90625,92,14.5390625,54,13.8125
1.8126,-0.3181,129,11.7421875,10,10.359375,92,14.5390625,3,9.0625
1.815,-0.2422,129,11.7421875,10,10.359375,92,14.5390625,3,9.0625
1.8209,-0.2422,129,11.7421875,10,10.359375,90,15.5078125,3,9.0625
1.8262,-0.2422,129,11.7421875,10,10.359375,90,15.5078125,3,9.0625
1.8269,-0.2623,129,11.7421875,10,10.359375,90,15.5078125,3,9.0625
1.8319,-0.2623,136,10.671875,10,10.359375,90,15.5078125,13,13.390625
1.8361,-0.3361,136,10.671875,10,10.359375,90,15.5078125,13,13.390625
1.8404,-0.3361,134,10.625,24,13.265625,84,16.875,13,13.390625
1.8454,-0.3361,134,10.625,24,13.265625,84,16.875,13,13.390625
1.8475,-0.3096,134,10.625,24,13.265625,84,16.875,13,13.390625
1.8537,-0.3096,134,10.625,24,13.265625,84,16.875,20,12.109375
1.8569,-0.3066,134,10.625,24,13.265625,84,16.875,20,12.109375
1.861,-0.3066,134,10.625,-2,9.2734375,87,14.2109375,20,12.109375
1.8655,-0.3066,134,10.625,-2,9.2734375,87,14.2109375,20,12.109375
1.8661,-0.2366,134,10.625,-2,9.2734375,87,14.2109375,20,12.109375
1.8726,-0.2366,130,12.296875,-2,9.2734375,87,14.2109375,28,12.4140625
1.8755,-0.243,130,12.296875,-2,9.2734375,87,14.2109375,28,12.4140625
1.8811,-0.243,130,12.296875,8,10.921875,86,16.75,28,12.4140625
1.8855,-0.243,130,12.296875,8,10.921875,86,16.75,28,12.4140625
1.887,-0.2596,130,12.296875,8,10.921875,86,16.75,28,12.4140625
1.8915,-0.2596,130,13.28125,18,11.7265625,86,16.75,34,14.015625
1.8948,-0.3064,130,13.28125,18,11.7265625,86,16.75,34,14.015625
1.9019,-0.3064,130,13.28125,18,11.7265625,85,17.078125,34,14.015625
1.905,-0.3064,130,13.28125,18,11.7265625,85,17.078125,34,14.015625
1.9059,-0.249,130,13.28125,18,11.7265625,85,17.078125,34,14.015625
1.9113,-0.249,128,11.015625,18,11.7265625,85,17.078125,40,13.40625
1.9186,-0.265,128,11.015625,18,11.7265625,85,17.078125,40,13.40625
1.922,-0.265,125,13.828125,0,9.5859375,86,16.078125,40,13.40625
1.9276,-0.2625,125,13.828125,0,9.5859375,86,16.078125,40,13.40625
1.9279,-0.2625,125,13.828125,0,9.5859375,86,16.078125,40,13.40625
1.9332,-0.2625,125,13.828125,0,9.5859375,86,16.078125,40,13.2890625
1.9375,-0.2876,125,13.828125,0,9.5859375,86,16.078125,40,13.2890625
1.9417,-0.2876,125,13.828125,8,11.1953125,82,17.453125,40,13.2890625
1.9461,-0.2876,125,13.828125,8,11.1953125,82,17.453125,40,13.2890625
1.948,-0.3407,125,13.828125,8,11.1953125,82,17.453125,40,13.2890625
1.9539,-0.3407,130,11.7421875,8,11.1953125,82,17.453125,40,13.9375
1.9573,-0.3563,130,11.7421875,8,11.1953125,82,17.453125,40,13.9375
1.962,-0.3563,130,11.7421875,17,11.0625,85,16.5,40,13.9375
1.9671,-0.3563,130,11.7421875,17,11.0625,85,16.5,40,13.9375
1.9687,-0.3361,130,11.7421875,17,11.0625,85,16.5,40,13.9375
1.973,-0.3361,130,10.609375,3,10.34375,85,16.5,48,14.5859375
1.9758,-0.3111,130,10.609375,3,10.34375,85,16.5,48,14.5859375
1.9816,-0.3111,130,10.609375,3,10.34375,84,15.9765625,48,14.5859375
1.9877,-0.3111,130,10.609375,3,10.34375,84,15.9765625,48,14.5859375
1.9901,-0.3169,130,10.609375,3,10.34375,84,15.9765625,48,14.5859375
1.9935,-0.3169,127,13.328125,3,10.34375,84,15.9765625,0,8.46875
1.9968,-0.3135,127,13.328125,3,10.34375,84,15.9765625,0,8.46875
2.0021,-0.3135,127,13.328125,1,10.171875,85,16.53125,0,8.46875
